blockchain,creator,address,label_type,label_subtype,label,address_name,dim_labels_id,inserted_timestamp,modified_timestamp,__row_index
solana,flipside,stkTLPiBsQBUxDhXgxxsTRtxZ38TLqsqhoMvKMSt8Th,defi,general_contract,tulip,tulip staking program,10a3ef2f5d307936d3982329cb60d357,2000-01-01T00:00:00.000Z,2000-01-01T00:00:00.000Z,0
solana,flipside,strmRqUCoQUgGUan5YhzUZa6KqdzwX5L6FpUxfmKg5m,dapp,token_contract,streamflow,streamflow program,515d717008340ced9492db21b5c309aa,2000-01-01T00:00:00.000Z,2000-01-01T00:00:00.000Z,1
solana,flipside,EewxydAPCCVuNEyrVN68PuSYdQ7wKn27V9Gjeoi8dy3S,dapp,general_contract,lifinity,lifinity swap,9a2a4c31cbb0f64b37f456ccc2e50996,2000-01-01T00:00:00.000Z,2000-01-01T00:00:00.000Z,2
solana,flipside,SW1TCH7qEPTdLsDHRgPuMQjbQxKdH2aBStViMFnt64f,dapp,token_contract,switchboard,switchboard v2 program,7087073a52c509fd0c5484a0f2af566d,2000-01-01T00:00:00.000Z,2000-01-01T00:00:00.000Z,3
solana,flipside,657iw8S9b4BG5Vno91DgJk4bqoH3kzPRopngPG8uxWxg,defi,general_contract,defiland,defilland marketplace program,46a07b8aab7ef089fedbecb214d54141,2000-01-01T00:00:00.000Z,2000-01-01T00:00:00.000Z,4
solana,flipside,KLend2g3cP87fffoy8q1mQqGKjrxjC8boSyAYavgmjD,defi,general_contract,kamino,kamino lend,f50f2992fd6eb85dfdf6aa0bf1f8f5eb,2000-01-01T00:00:00.000Z,2000-01-01T00:00:00.000Z,5
solana,flipside,DHepkufWDLJ9DCD37nbEDbPSFKjGiziQ6Lbgo1zgGX7S,dapp,general_contract,dispatch forum,dispatch program,9dfe37d72e06db772f1ab2e15ee5b542,2000-01-01T00:00:00.000Z,2000-01-01T00:00:00.000Z,6
solana,flipside,cysPXAjehMpVKUapzbMCCnpFxUFFryEWEaLgnb9NrR8,dex,swap_contract,cykura,cykura swap,cded8fe1bba7e09243e14caa6dd949b9,2000-01-01T00:00:00.000Z,2000-01-01T00:00:00.000Z,7
solana,flipside,X3NongcyQZDhmvFYWbUASHXurHTTyPXYfdDEci99uuR,dapp,general_contract,xenon,xenon program,5fd2a5cec799a8ba2f008eca2587ce08,2000-01-01T00:00:00.000Z,2000-01-01T00:00:00.000Z,8
solana,flipside,AddressLookupTab1e1111111111111111111111111,chadmin,general_contract,solana,address lookup table program,60dbc3f8e9248f907456e58abb8b0422,2000-01-01T00:00:00.000Z,2000-01-01T00:00:00.000Z,9
solana,flipside,routeUGWgWzqBWFcrCfv8tritsqukccJPu3q5GPP3xS,dex,swap_contract,raydium,raydium route swap program id,b5c1f7da71f8eda4ddd440546ba4c8a9,2000-01-01T00:00:00.000Z,2000-01-01T00:00:00.000Z,10
solana,flipside,2c54pLrGpQdGxJWUAoME6CReBrtDbsx5Tqx4nLZZo6av,dapp,general_contract,light protocol,light protocol,1658b22e0fc41982493ce83b593588dc,2000-01-01T00:00:00.000Z,2000-01-01T00:00:00.000Z,11
solana,flipside,2nAAsYdXF3eTQzaeUQS3fr4o782dDg8L28mX39Wr5j8N,dex,staking_contract,raydium,raydium francium farm,00396db09bae8ff8000182dfd9a4bb48,2000-01-01T00:00:00.000Z,2000-01-01T00:00:00.000Z,12
solana,flipside,5GaBD7yyLh1TFSJcG9H9j4jSHFMsK8xaJU68NaCLJsvN,defi,general_contract,upfi,upfi,464309042680d62b3a07b85eefc839f1,2000-01-01T00:00:00.000Z,2000-01-01T00:00:00.000Z,13
solana,flipside,KJ6b6PswEZeNSwEh1po51wxnbX1C3FPhQPhg8eD2Y6E,defi,general_contract,defiland,defiland staking program,6fb0a65bfd3dcbeb528a1d28b445ff46,2000-01-01T00:00:00.000Z,2000-01-01T00:00:00.000Z,14
solana,flipside,SPoo1Ku8WFXoNDMHPsrGSTSG1Y47rzgn41SLUNakuHy,chadmin,general_contract,solana,stake pool program,6d09f289d315935133aa3ad59b751bfa,2000-01-01T00:00:00.000Z,2000-01-01T00:00:00.000Z,15
solana,flipside,SQUADSxWKud1RVxuhJzNcqYqu7F3GLNiktGzjnNtriT,dapp,token_contract,squads,squads,650274b68b8d196d19b5e20f90fc709d,2000-01-01T00:00:00.000Z,2000-01-01T00:00:00.000Z,16
solana,flipside,ATokenGPvbdGVxr1b2hvZbsiqW5xWH25efTNsLJA8knL,chadmin,general_contract,solana,associated token account,2fae37031741b17c2021769d209257bb,2000-01-01T00:00:00.000Z,2000-01-01T00:00:00.000Z,17
solana,flipside,CeNUxGUsSeb5RuAGvaMLNx3tEZrpBwQqA7Gs99vMPCAb,dapp,token_contract,dialect,dialect program,68a2bda53ad37c6c134114781fea2e67,2000-01-01T00:00:00.000Z,2000-01-01T00:00:00.000Z,18
solana,flipside,A7p8451ktDCHq5yYaHczeLMYsjRsAkzc3hCXcSrwYHU7,nft,marketplace,digitaleyes,digitaleyes nft marketplace,db0462aaf01d9bcc78ec7e408357377c,2000-01-01T00:00:00.000Z,2000-01-01T00:00:00.000Z,19
solana,flipside,jCebN34bUfdeUYJT13J1yG16XWQpt5PDx6Mse9GUqhR,dapp,general_contract,bonfida,bonfida name service,3fae87929bf63e33f10adf1962264466,2000-01-01T00:00:00.000Z,2000-01-01T00:00:00.000Z,20
solana,flipside,EUqojwWA2rd19FZrzeBncJsm38Jm1hEhE3zsmX3bRc2o,dex,general_contract,serum,serum dex v2,62f07f5c6fd08cda64f57b118bc76259,2000-01-01T00:00:00.000Z,2000-01-01T00:00:00.000Z,21
solana,flipside,GMnke6kxYvqoAXgbFGnu84QzvNHoqqTnijWSXYYTFQbB,dapp,governance,realms,monkedao,b91ab264c51b8b7d45728f2d0f00ce59,2000-01-01T00:00:00.000Z,2000-01-01T00:00:00.000Z,22
solana,flipside,HedgeEohwU6RqokrvPU4Hb6XKPub8NuKbnPmY7FoMMtN,defi,general_contract,hedge,hedge program id,d115cfa0b7aa37d53bf95ec7e519c54b,2000-01-01T00:00:00.000Z,2000-01-01T00:00:00.000Z,23
solana,flipside,GrcZwT9hSByY1QrUTaRPp6zs5KxAA5QYuqEhjT1wihbm,dapp,token_contract,poolprops,poolprops program,65b215e0f80b1c132fb3d09bb303f532,2000-01-01T00:00:00.000Z,2000-01-01T00:00:00.000Z,24
solana,flipside,FC81tbGt6JWRXidaWYFXxGnTk4VgobhJHATvTRVMqgWj,defi,general_contract,francium,francium lending program,5c86b2e90e0472e4f0151de2768109f9,2000-01-01T00:00:00.000Z,2000-01-01T00:00:00.000Z,25
solana,flipside,82yxjeMsvaURa4MbZZ7WZZHfobirZYkH1zF8fmeGtyaQ,dex,pool,orca,ORCA Aquafarm,e28221678725d6ee94fa007d7a6f55b9,2000-01-01T00:00:00.000Z,2000-01-01T00:00:00.000Z,26
solana,flipside,DCDX75fVNMB816DFERFiWgRiTxqkQukaCM7mSvsA9gQT,dapp,general_contract,degen coin flip,degen coin flip: dozer,0b297a571106f3e20ffb0fc46b0a9454,2000-01-01T00:00:00.000Z,2000-01-01T00:00:00.000Z,27
solana,flipside,DDZDcYdQFEMwcu2Mwo75yGFjJ1mUQyyXLWzhZLEVFcei,dapp,general_contract,audius,audius,c8283be8e62a539211b3a885a19fbc81,2000-01-01T00:00:00.000Z,2000-01-01T00:00:00.000Z,28
solana,flipside,worm2ZoG2kUd4vFXhvjh93UUH596ayRfgQ2MgjNMTth,bridge,bridge,wormhole,wormhole: core contract,a686945dfee59a18af654363d2a3d567,2000-01-01T00:00:00.000Z,2000-01-01T00:00:00.000Z,29
solana,flipside,wormDTUJ6AWPNvk59vGQbDvGJmqbDTdgWgAqcLBCgUb,bridge,bridge,wormhole,wormhole: token bridge,e86e7b253cca1cf3bd33c5ec950e062a,2000-01-01T00:00:00.000Z,2000-01-01T00:00:00.000Z,30
solana,flipside,A66HabVL3DzNzeJgcHYtRRNW1ZRMKwBfrdSR4kLsZ9DJ,dapp,general_contract,frakt,frakt,86a2bd2b762d0f6d362444adee9f75b9,2000-01-01T00:00:00.000Z,2000-01-01T00:00:00.000Z,31
solana,flipside,72D3En8GQycjtunxf9mgyR8onzYdPqYFsKp4myUzhaRZ,dapp,general_contract,famous foxes,famous foxes flip,14043e069d95b96e41f355023f062493,2000-01-01T00:00:00.000Z,2000-01-01T00:00:00.000Z,32
solana,flipside,JCFRaPv7852ESRwJJGRy2mysUMydXZgVVhrMLmExvmVp,dapp,general_contract,famous foxes,famous foxes citrus,b040762a40bbf0dd1058562feba1adf4,2000-01-01T00:00:00.000Z,2000-01-01T00:00:00.000Z,33
solana,flipside,8BYmYs3zsBhftNELJdiKsCN2WyCBbrTwXd6WG4AFPr6n,dapp,general_contract,famous foxes,famous foxes token market,6e1b0893a9984a7c11460f61b1d36ffb,2000-01-01T00:00:00.000Z,2000-01-01T00:00:00.000Z,34
solana,flipside,8guzmt92HbM7yQ69UJg564hRRX6N4nCdxWE5L6ENrA8P,dapp,general_contract,famous foxes,famous foxes foxyswap,2370344f049d29c835a744a28ac7b5d2,2000-01-01T00:00:00.000Z,2000-01-01T00:00:00.000Z,35
solana,flipside,9ehXDD5bnhSpFVRf99veikjgq8VajtRH7e3D9aVPLqYd,dapp,general_contract,famous foxes,famous foxes raffles,0e0d3043cde7b5da07c811d3cf7efa79,2000-01-01T00:00:00.000Z,2000-01-01T00:00:00.000Z,36
solana,flipside,src5qyZHqTqecJV4aY6Cb6zDZLMDzrDKKezs22MPHr4,dapp,general_contract,debridge finance,debridge finance,2b04d8d14ccd775f127afcfb956e89de,2000-01-01T00:00:00.000Z,2000-01-01T00:00:00.000Z,37
solana,flipside,LCNTy2Q4HsKUecKEETwwzujjbAx9DGFJort8SjGzGFj,nft,general_contract,ladder caster,ladder caster,f30b2f204d23f286cb197b247ce13cd1,2000-01-01T00:00:00.000Z,2000-01-01T00:00:00.000Z,38
solana,flipside,MEV1HDn99aybER3U3oa9MySSXqoEZNDEQ4miAimTjaW,dapp,general_contract,mev,mev address,f0b293c42ae56d45ff8ad54b507f7b99,2000-01-01T00:00:00.000Z,2000-01-01T00:00:00.000Z,39
solana,flipside,MEV4g2VQod71BL6L2Giu1ykqEAqvyXytdWKp1ugDdqQ,dapp,general_contract,mev,mev address,8d95a4cc259ac6062fd01dbcf2e308c9,2000-01-01T00:00:00.000Z,2000-01-01T00:00:00.000Z,40
solana,flipside,MEVSYBzJr42AKDA2L3MN1YqLwqaupBrrq5eFjgSRTy4,dapp,general_contract,mev,mev address,acfb8c6f94a5a86b5c013d6804b68b0c,2000-01-01T00:00:00.000Z,2000-01-01T00:00:00.000Z,41
solana,flipside,RainEraPU5yDoJmTrHdYynK9739GkEfDsE4ffqce2BR,defi,general_contract,rain finance,rain finance,c8a6fd52009851232346f8deaa3b8eff,2000-01-01T00:00:00.000Z,2000-01-01T00:00:00.000Z,42
solana,flipside,2KehYt3KsEQR53jYcxjbQp2d2kCp4AkuQW68atufRwSr,defi,general_contract,symmetry,symmetry ,3f28b4e00501456a96a7830da8955694,2000-01-01T00:00:00.000Z,2000-01-01T00:00:00.000Z,43
solana,flipside,TokenkegQfeZyiNwAJbNbGKPFXCWuBvf9Ss623VQ5DA,chadmin,general_contract,solana,token program,4b71ad3f781647f4bd93c3a8c8c96368,2000-01-01T00:00:00.000Z,2000-01-01T00:00:00.000Z,44
solana,flipside,TokenzQdBNbLqP5VEhdkAS6EPFLC1PHnBqCXEpPxuEb,chadmin,general_contract,solana,token 2022 program,fed8dec15931af894c233b1ee52a3155,2000-01-01T00:00:00.000Z,2000-01-01T00:00:00.000Z,45
solana,flipside,namesLPneVptA9Z5rqUDD9tMTWEJwofgaYwp8cawRkX,chadmin,general_contract,solana,name service,92e8e66b4fe472f9b5879e1827d6bfcd,2000-01-01T00:00:00.000Z,2000-01-01T00:00:00.000Z,46
solana,flipside,SwaPpA9LAaLfeLi3a68M4DjnLqgtticKg6CnyNwgAC8,chadmin,general_contract,solana,swap program,815a88dabc85ee786f327cc7e501a073,2000-01-01T00:00:00.000Z,2000-01-01T00:00:00.000Z,47
solana,flipside,TCMPhJdwDryooaGtiocG1u3xcYbRpiJzb283XfCZsDp,nft,general_contract,tensor,tensor cnft,70b909241c4c1a86b08c4e393db4d485,2000-01-01T00:00:00.000Z,2000-01-01T00:00:00.000Z,48
solana,flipside,GokivDYuQXPZCWRkwMhdH2h91KpDQXBEmpgBgs55bnpH,dapp,general_contract,goki,goki smart wallet,f0f9333f2f86afbc9b210603f55ebaaa,2000-01-01T00:00:00.000Z,2000-01-01T00:00:00.000Z,49
solana,flipside,PSwapMdSai8tjrEXcxFeQth87xC4rRsa4VA5mhGhXkP,defi,general_contract,penguin finance,penguin finance,b9431c30be15a16b19b5c8632a218a4f,2000-01-01T00:00:00.000Z,2000-01-01T00:00:00.000Z,50
solana,flipside,GmtpXy362L8cZfkRmTZMYunWVe8TyRjX5B7sodPZ63LJ,dapp,governance,realms,metaplex foundation,f7f817cecc1baf63ecdcf35b81ae7bda,2000-01-01T00:00:00.000Z,2000-01-01T00:00:00.000Z,51
solana,flipside,A7kmu2kUcnQwAVn8B4znQmGJeUrsJ1WEhYVMtmiBLkEr,dapp,governance,realms,solend dao,edfdb7bbc56e9b8cddb9ca30a3d7fb3d,2000-01-01T00:00:00.000Z,2000-01-01T00:00:00.000Z,52
solana,flipside,WnFt12ZrnzZrFZkt2xsNsaNWoQribnuQ5B5FrDbwDhD,bridge,bridge,wormhole,wormhole: nft bridge,be125b82a75e5ccf644301722bf5a372,2000-01-01T00:00:00.000Z,2000-01-01T00:00:00.000Z,53
solana,flipside,GovER5Lthms3bLBqWub97yVrMmEogzX7xNjdXpPPCVZw,dapp,governance,realms,realms general contract,9fc3da10b9a5996ed15ffebcacc8bcf0,2000-01-01T00:00:00.000Z,2000-01-01T00:00:00.000Z,54
solana,flipside,GovHgfDPyQ1GwazJTDY2avSVY8GGcpmCapmmCsymRaGe,dapp,governance,realms,psy finance,384f2af5f08911fe745c37bc4665f88a,2000-01-01T00:00:00.000Z,2000-01-01T00:00:00.000Z,55
solana,flipside,SMPLecH534NA9acpos4G6x7uf3LWbCAwZQE9e8ZekMu,dapp,general_contract,squads,squad multisig program,01a7acfec74814048121e52d4656f9f5,2000-01-01T00:00:00.000Z,2000-01-01T00:00:00.000Z,56
solana,flipside,SPQR4kT3q2oUKEJes2L6NNSBCiPW9SfuhkuqC9bp6Sx,defi,pool,sunny aggregator,sunny pool quarry,5b666cb15349278762fb942f07916c94,2000-01-01T00:00:00.000Z,2000-01-01T00:00:00.000Z,57
solana,flipside,5hAykmD4YGcQ7Am3N7nC9kyELq6CThAkU82nhNKDJiCy,dapp,governance,realms,socean,7234995ff66a8953ca23955e4041abcd,2000-01-01T00:00:00.000Z,2000-01-01T00:00:00.000Z,58
solana,flipside,PrtedjXEcbH2SCgvL1oA1rFGxAr2UgZvqxQGxN2ErDT,defi,general_contract,portÂ finance,port finance canary,e1df4da3ebe62c9ffb6da81e1b8a9cd5,2000-01-01T00:00:00.000Z,2000-01-01T00:00:00.000Z,59
solana,flipside,617jbWo616ggkDxvW1Le8pV38XLbVSyWY8ae6QUmGBAU,nft,marketplace,solsea,Solsea NFT Marketplace,4fa896d5a0cd6eb6f5c41ef88cafaf24,2000-01-01T00:00:00.000Z,2000-01-01T00:00:00.000Z,60
solana,flipside,HyaB3W9q6XdA5xwpU4XnSZV94htfmbmqJXZcEbRaJutt,dex,swap_contract,invariant,invariant swap,f0003095eb41ac4b60305d03555f2dff,2000-01-01T00:00:00.000Z,2000-01-01T00:00:00.000Z,61
solana,flipside,rinajRPUgiiW2rG6uieXvcNNQNaWr9ZcMmqo28VvXfa,dex,pool,aldrin,aldrin staking,b67e455ac51c9958c8fc23f4575e6b96,2000-01-01T00:00:00.000Z,2000-01-01T00:00:00.000Z,62
solana,flipside,8KJx48PYGHVC9fxzRRtYp4x4CM2HyYCm2EjVuAP4vvrx,defi,general_contract,goosefx,goosefx controller program,68511453f9c2d2aeb6d1b444481c2328,2000-01-01T00:00:00.000Z,2000-01-01T00:00:00.000Z,63
solana,flipside,Goats192jeQq3r2sn8pe69LyJtisLMfEoq8LyDienct1,nft,general_contract,goatswap,goatswap,b7808070a17885455c73f5f0bdc158df,2000-01-01T00:00:00.000Z,2000-01-01T00:00:00.000Z,64
solana,flipside,TL1ST2iRBzuGTqLn1KXnGdSnEow62BzPnGiqyRXhWtW,nft,general_contract,tensor,tensor whitelist,2eead2fef4214f2611ada7ff9b751663,2000-01-01T00:00:00.000Z,2000-01-01T00:00:00.000Z,65
solana,flipside,3r2St9LGBnXMxv2msAZ4eGAPFNHwpNMbudkdBxdZCCRL,dapp,rewards,degen coin flip,degen coin flip: rewards contract,161d119c40f52cd7cc83f50f4ee4d5f8,2000-01-01T00:00:00.000Z,2000-01-01T00:00:00.000Z,66
solana,flipside,metaqbxxUerdq28cj1RbAWkYQm3ybzjb6a8bt518x1s,nft,general_contract,metaplex,metaplex token metadata,63b4f4ec243e00f98b9530c5504f33fb,2000-01-01T00:00:00.000Z,2000-01-01T00:00:00.000Z,67
solana,flipside,gSF1T5PdLc2EutzwAyeExvdW27ySDtFp88ri5Aymah6,dapp,governance,realms,sctf1,2660963f8b85bdedb17ba6bb571abe3f,2000-01-01T00:00:00.000Z,2000-01-01T00:00:00.000Z,68
solana,flipside,HAbiTatJVqoCJd9asyr6RxMEdwtfrQugwp7VAFyKWb1g,dapp,token_contract,genopets,genopets habitat management program,317442fc8c423ae5ca7e6a515cfdeff3,2000-01-01T00:00:00.000Z,2000-01-01T00:00:00.000Z,69
solana,flipside,JUP2jxvXaqu7NQY1GmNF4m1vodw12LVXYxbFL2uJvfo,dex,aggregator_contract,jupiter,jupiter aggregator v2,57aabcabfe4fe3d9aff133fd815f2ec7,2000-01-01T00:00:00.000Z,2000-01-01T00:00:00.000Z,70
solana,flipside,JUP3c2Uh3WA4Ng34tw6kPd2G4C5BB21Xo36Je1s32Ph,dex,aggregator_contract,jupiter,jupiter aggregator v3,8b34b29889756c3027fe3712706bb62f,2000-01-01T00:00:00.000Z,2000-01-01T00:00:00.000Z,71
solana,flipside,JUP4Fb2cqiRUcaTHdrPC8h2gNsA2ETXiPDD33WcGuJB,dex,aggregator_contract,jupiter,jupiter swap v4,e807729eb15581612a5fca5b38309892,2000-01-01T00:00:00.000Z,2000-01-01T00:00:00.000Z,72
solana,flipside,JUP6i4ozu5ydDCnLiMogSckDPpbtr7BJ4FtzYWkb5Rk,dex,aggregator_contract,jupiter,jupiter aggregator v1,f290c37da04ac60a6215928d9db3acc5,2000-01-01T00:00:00.000Z,2000-01-01T00:00:00.000Z,73
solana,flipside,4bcFeLv4nydFrsZqV5CgwCVrPhkQKsXtzfy2KyMz7ozM,defi,general_contract,tulip,tulip protocol lending program,992cc2f5fe053c14bec12026872db85f,2000-01-01T00:00:00.000Z,2000-01-01T00:00:00.000Z,74
solana,flipside,QMMD16kjauP5knBwxNUJRZ1Z5o3deBuFrqVjBVmmqto,defi,general_contract,quarry,quarry merge mine,11b671b276f650ea9423e88a01274dcb,2000-01-01T00:00:00.000Z,2000-01-01T00:00:00.000Z,75
solana,flipside,QMNeHCGYnLVDn1icRAfQZpjPLBNkfGbSKRB83G5d8KB,defi,general_contract,quarry,quarry mine,2317e9040f845e3037ccf2e906183139,2000-01-01T00:00:00.000Z,2000-01-01T00:00:00.000Z,76
solana,flipside,CYPHER3ziDd1rasgBcGGbx4fMtSS72x6NEM5Zvx2vNmK,defi,general_contract,cypher,cypher,aa90d8d65b3d47169e72dd4d4519ffb7,2000-01-01T00:00:00.000Z,2000-01-01T00:00:00.000Z,77
solana,flipside,CYPHER79cJLzQ8iyyr6oeizfGgR9YU9NM9oTMPWak5oQ,defi,general_contract,cypher,cypher,97c4ad6dd7618bcc7f82521fec3f4bad,2000-01-01T00:00:00.000Z,2000-01-01T00:00:00.000Z,78
solana,flipside,HYPERfwdTjyJ2SCaKHmpF2MtrXqWxrsotYDsTrshHWq8,nft,general_contract,hyperspace,hyperspace marketplace,6308379c363c4565686938c6368846b4,2000-01-01T00:00:00.000Z,2000-01-01T00:00:00.000Z,79
solana,flipside,3bEcmHsSBWViKYHLvUURWsthYoQvkoFNQqUEU1EZ3U1K,defi,general_contract,upfi,upfi,3f75980335677c50c05b6299d81e4b03,2000-01-01T00:00:00.000Z,2000-01-01T00:00:00.000Z,80
solana,flipside,srmqPvymJeFKQ4zGQed1GFppgkRHL9kaELCbyksJtPX,defi,general_contract,openbook,openbook program,be08db3c260a35a69e73ac3b967687ef,2000-01-01T00:00:00.000Z,2000-01-01T00:00:00.000Z,81
solana,flipside,BLDDrex4ZSWBgPYaaH6CQCzkJXWfzCiiur9cSFJT8t3x,defi,general_contract,atrix,atrix finance farm program,a958e4708348ce0d24490958d4f0b901,2000-01-01T00:00:00.000Z,2000-01-01T00:00:00.000Z,82
solana,flipside,BaHSGaf883GA3u8qSC5wNigcXyaScJLSBJZbALWvPcjs,nft,general_contract,xnft,xnft program,887fa3641fe920a4e2ff7f5baa9ce4d6,2000-01-01T00:00:00.000Z,2000-01-01T00:00:00.000Z,83
solana,flipside,24Uqj9JCLxUeoC3hGfh5W3s9FM9uCHDS2SG3LYwBpyTi,defi,vault,meteora,meteora vault program,4ff34e07aa4cf8d93d923c14aeefbd68,2000-01-01T00:00:00.000Z,2000-01-01T00:00:00.000Z,84
solana,flipside,FiRESpaNzgYUiba5vkb44CZJLZjrux1AUECdfwPRsNkg,token,general_contract,bonk,bonk fire,3b1b964cd9062df2bdaf506a3b7f0a4e,2000-01-01T00:00:00.000Z,2000-01-01T00:00:00.000Z,85
solana,flipside,dst5MGcFPoBeREFAA5E3tU5ij8m5uVYwkzkSAbsLbNo,bridge,general_contract,dln,dlndestination,5bf2d8b1a9d42e5e88230ef2b199e8cc,2000-01-01T00:00:00.000Z,2000-01-01T00:00:00.000Z,86
solana,flipside,JPLockxtkngHkaQT5AuRYow3HyUv5qWzmhwsCPd653n,defi,staking_contract,jet protocol,jet protocol staking,a743fee0b5c5e494c3a9c34a78f46bcb,2000-01-01T00:00:00.000Z,2000-01-01T00:00:00.000Z,87
solana,flipside,JET777rQuPU8BatFbhp6irc1NAbozxTheBqNo25eLQP,defi,rewards,jet protocol,jet protocol rewards,22b82485a3a24ae59ee61d25400b30b7,2000-01-01T00:00:00.000Z,2000-01-01T00:00:00.000Z,88
solana,flipside,4CgyHKuP6yi1vbmcdsArngEKcETR4nZupqYEMk2hEoQd,dapp,general_contract,elusiv,elusiv program,ee969cdeba098ebc704e8e21859ba65d,2000-01-01T00:00:00.000Z,2000-01-01T00:00:00.000Z,89
solana,flipside,1gE3LGQze8DQ3KD2C4ZUCmRX5g4njhY5yLfYmnmcvJR,dex,general_contract,dradex,dradex log program,1c12dd6145619839e66dcd84f3d42c1d,2000-01-01T00:00:00.000Z,2000-01-01T00:00:00.000Z,90
solana,flipside,FLUXubRmkEi2q6K3Y9kBPg9248ggaZVsoSFhtJHSrm1X,dex,general_contract,fluxbeam,fluxbeam program,57139f00aae5e23e07c5d2bff01fb004,2000-01-01T00:00:00.000Z,2000-01-01T00:00:00.000Z,91
solana,flipside,F1aShdFVv12jar3oM2fi6SDqbefSnnCVRzaxbPH3you7,nft,general_contract,texture finance,texture finance,6f69afa7ad134a0783d76820088da15a,2000-01-01T00:00:00.000Z,2000-01-01T00:00:00.000Z,92
solana,flipside,SMPLKTQhrgo22hFCVq2VGX1KAktTWjeizkhrdB1eauK,dapp,general_contract,squads,squad manager program,5990662de6db246998becb718d6790f4,2000-01-01T00:00:00.000Z,2000-01-01T00:00:00.000Z,93
solana,flipside,MR2LqxoSbw831bNy68utpu5n4YqBH3AzDmddkgk9LQv,defi,staking_contract,marinade finance,marinade staking,532ab9fd7129753b6084d840c3842f74,2000-01-01T00:00:00.000Z,2000-01-01T00:00:00.000Z,94
solana,flipside,Ghope52FuF6HU3AAhJuAAyS2fiqbVhkAotb7YprL5tdS,dapp,governance,realms,realms general contract 2,d0d3ff35c4e142954f7688f93cff853a,2000-01-01T00:00:00.000Z,2000-01-01T00:00:00.000Z,95
solana,flipside,Vote111111111111111111111111111111111111111,chadmin,general_contract,solana,voteinstruction,413f6cface8880867c6121c79c49e41d,2000-01-01T00:00:00.000Z,2000-01-01T00:00:00.000Z,96
solana,flipside,FsJ3A3u2vn5cTVofAjvy6y5kwABJAqYWpe4975bi2epH,dapp,oracle,pyth,pyth oracle,0e7652c57ebd8b141b5fb4d0014f0c1a,2000-01-01T00:00:00.000Z,2000-01-01T00:00:00.000Z,97
solana,flipside,TSWAPaqyCSx2KABk68Shruf4rp7CxcNi8hAsbdwmHbN,defi,general_contract,tensorswap,tensorswap program,95288b5b1b7a1ae9a0dbb35a01932cb7,2000-01-01T00:00:00.000Z,2000-01-01T00:00:00.000Z,98
solana,flipside,TWAPR9s1DEhrr8tuFbwEPws5moHXebMotqU85wwVmvU,dex,general_contract,aldrin,aldrin dtwap,8f1cd89d04d6f5f293d16cf1391bd892,2000-01-01T00:00:00.000Z,2000-01-01T00:00:00.000Z,99
solana,flipside,DeJBGdMFa1uynnnKiwrVioatTuHmNLpyFKnmB5kaFdzQ,dex,token_contract,serum,serum assert owner,b4839736182777230f96f0d7d3d90665,2000-01-01T00:00:00.000Z,2000-01-01T00:00:00.000Z,100
solana,flipside,GNExJhNUhc9LN2DauuQAUJnXoy6DJ6zey3t9kT9A2PF3,dex,general_contract,deltafi,deltafi swap,0a22f3b7da1f686d413cfd28307e1018,2000-01-01T00:00:00.000Z,2000-01-01T00:00:00.000Z,101
solana,flipside,BVo5TquTYMAASZhfX392BcjFUxda6DKzHStNapJE6Wyz,dapp,general_contract,cubik,cubik,2a7cb8f7a2076cc73cee40503fecd199,2000-01-01T00:00:00.000Z,2000-01-01T00:00:00.000Z,102
solana,flipside,Feat1YXHhH6t1juaWF74WLcfv4XoNocjXA6sPWHNgAse,chadmin,general_contract,solana,feature proposal,2425861689cc6abd197961a0ce356eb1,2000-01-01T00:00:00.000Z,2000-01-01T00:00:00.000Z,103
solana,flipside,HABitaBFxaU7wtLuSX6zdtDfz4uvoJ1NUvhHoeDsyrwn,nft,general_contract,genopets ,genopets : general contract,a0a68b58bf21eaa399e46e1f743eec15,2000-01-01T00:00:00.000Z,2000-01-01T00:00:00.000Z,104
solana,flipside,FoXpJL1exLBJgHVvdSHNKyKu2xX2uatctH9qp6dLmfpP,nft,general_contract,famous fox federation,famous fox federation: general contract,ea80c00860ea36e9b3d00a699474c8a4,2000-01-01T00:00:00.000Z,2000-01-01T00:00:00.000Z,105
solana,flipside,BmtNpZEvyLavGm33ojeKXgirTQTk3D2maLbc3cfSoWVL,nft,general_contract,famous fox federation,famous fox federation: general contract,d7151f0e2db11fa7744d6e9185500c84,2000-01-01T00:00:00.000Z,2000-01-01T00:00:00.000Z,106
solana,flipside,HvwYjjzPbXWpykgVZhqvvfeeaSraQVnTiQibofaFw9M7,defi,general_contract,atrix,atrix finance pool program,1f010d0fa1005cebde39b8679a341d58,2000-01-01T00:00:00.000Z,2000-01-01T00:00:00.000Z,107
solana,flipside,AzcK7Dth1CG2PoYPpTAYRymctM8d9xoT3VEKos5kUKrH,defi,general_contract,upfi,upfi,1e9377126e755bdc0432755834ade573,2000-01-01T00:00:00.000Z,2000-01-01T00:00:00.000Z,108
solana,flipside,CMZYPASGWeTz7RNGHaRJfCq2XQ5pYK6nDvVQxzkH51zb,nft,contract_deployer,opensea,opensea: forked candy machine,dbff7d23ab5f4dc180bfa63574e226f0,2000-01-01T00:00:00.000Z,2000-01-01T00:00:00.000Z,109
solana,flipside,StarLA9YsjQc6P21ALscSkXKE7mqUGsjfhCGBwmJPfS,nft,general_contract,degen ape academy,degenerate star program,a1a3d137b89773c76bc4368555e7a162,2000-01-01T00:00:00.000Z,2000-01-01T00:00:00.000Z,110
solana,flipside,dripTrkvSyQKvkyWg7oi4jmeEGMA5scSYowHArJ9Vwk,nft,general_contract,drip,drip program,79407825d523a775a70aa2156725b66e,2000-01-01T00:00:00.000Z,2000-01-01T00:00:00.000Z,111
solana,flipside,94oHQMrCECP266YUoQmDvgVwafZApP9KAseMyNtjAPP7,dex,general_contract,mango markets,mangoriskcheck,c1eaf429133c4a53a12bd8d251f489a9,2000-01-01T00:00:00.000Z,2000-01-01T00:00:00.000Z,112
solana,flipside,4ckmDgGdxQoPDLUkDT3vHgSAkzA3QRdNq5ywwY4sUSJn,dex,general_contract,serum,serum dex v1,bf7c1f1b296ff2646c99b113957e44ba,2000-01-01T00:00:00.000Z,2000-01-01T00:00:00.000Z,113
solana,flipside,SNPRohhBurQwrpwAptw1QYtpFdfEKitr4WSJ125cN1g,dapp,general_contract,sniper,sniper market,dbc84af7f0eaf102e3612b1d40b3b10f,2000-01-01T00:00:00.000Z,2000-01-01T00:00:00.000Z,114
solana,flipside,FLEET1qqzpexyaDpqb2DGsSzE2sDCizewCg9WjrA6DBW,games,token_contract,star atlas,star atlas fleet program,e5a2a0029b0d2e17edea64731b36ba17,2000-01-01T00:00:00.000Z,2000-01-01T00:00:00.000Z,115
solana,flipside,3HUeooitcfKX1TSCx2xEpg2W31n6Qfmizu7nnbaEWYzs,defi,general_contract,cega,cega program,87fc658d8d3e5ca8c0a0864e840b7ab5,2000-01-01T00:00:00.000Z,2000-01-01T00:00:00.000Z,116
solana,flipside,p1exdMJcjVao65QdewkaZRUnU6VPSXhus9n2GzWfh98,nft,general_contract,metaplex,metaplex program,248255d151170835f19a5a1217147936,2000-01-01T00:00:00.000Z,2000-01-01T00:00:00.000Z,117
solana,flipside,7mp8BreoYmruCVTB2wGn2mSwYdot2DLDmCPeqEKk1GpL,defi,general_contract,amulet,amulets splsolstakingprogram,37b42cd75e28d2e6c2580910b3e71b4e,2000-01-01T00:00:00.000Z,2000-01-01T00:00:00.000Z,118
solana,flipside,TLPv2tuSVvn3fSk8RgW3yPddkp5oFivzZV3rA9hQxtX,defi,general_contract,tulip,tulip protocol v2 vaults,8dfc365cfe21bcdfbc4f00d621e1ac23,2000-01-01T00:00:00.000Z,2000-01-01T00:00:00.000Z,119
solana,flipside,AVoAYTs36yB5izAaBkxRG67wL1AMwG3vo41hKtUSb8is,dapp,governance,realms,serum,60e01bbc199f732946429ddcb31b7572,2000-01-01T00:00:00.000Z,2000-01-01T00:00:00.000Z,120
solana,flipside,1.1111111111111112e+31,chadmin,general_contract,solana,systeminstruction,1a80cbf2859e019559365d6be478794e,2000-01-01T00:00:00.000Z,2000-01-01T00:00:00.000Z,121
solana,flipside,vau1zxA2LbssAUEF7Gpw91zMM1LvXrvpzJtmZ58rPsn,nft,general_contract,metaplex,metaplex token vault,ce025c35ba13a541d898f91ed4d925e2,2000-01-01T00:00:00.000Z,2000-01-01T00:00:00.000Z,122
solana,flipside,mv3ekLzLbnVPNxjSKvqBpU3ZeZXPQdEC3bp5MDEBG68,dex,general_contract,mango markets,Mango Markets,51f9922c02d13a23f1acf5f12ce9451a,2000-01-01T00:00:00.000Z,2000-01-01T00:00:00.000Z,123
solana,flipside,MRGNWSHaWmz3CPFcYt9Fyh8VDcvLJyy2SCURnMco2bC,defi,general_contract,marginfi,marginfi program,4a2187024e6322ebb77a887447e98541,2000-01-01T00:00:00.000Z,2000-01-01T00:00:00.000Z,124
solana,flipside,PERPHjGBqRHArX4DySjwM6UJHiR3sWAatqfdBS2qQJu,dex,aggregator_contract,jupiter,jupiter perpetuals,c013868ab63c4192f68295ff765bd7b1,2000-01-01T00:00:00.000Z,2000-01-01T00:00:00.000Z,125
solana,flipside,JUP5pEAZeHdHrLxh5UCwAbpjGwYKKoquCpda2hfP4u8,dex,aggregator_contract,jupiter,jupiter swap v5,5fce1ee9b5611ff18e51741fe682136e,2000-01-01T00:00:00.000Z,2000-01-01T00:00:00.000Z,126
solana,flipside,GCockTxUjxuMdojHiABVZ5NKp6At8eTKDiizbPjiCo4m,dapp,governance,realms,chicken tribe,2d2d0127882cc17144cded09c6e9827f,2000-01-01T00:00:00.000Z,2000-01-01T00:00:00.000Z,127
solana,flipside,farmL4xeBFVXJqtfxCzU9b28QACM7E2W2ctT6epAjvE,defi,staking_contract,gem farm,gem farm staking contract,271ae354ea393f97d3b989b7136a8d5a,2000-01-01T00:00:00.000Z,2000-01-01T00:00:00.000Z,128
solana,flipside,farmV2NGeqkywqnVGb9DCJfqFQpCYo6uHBXFa42tbov,dex,staking_contract,dradex,dradex farms program,1843c879af1356ccc5f49aa80aa04db6,2000-01-01T00:00:00.000Z,2000-01-01T00:00:00.000Z,129
solana,flipside,grwDL1AZiCaBmTQHTQVhX6wxXKowAnisDZxH7866LUL,nft,rewards,cardinal,cardinal group reward distributer,a873163c701370a18ef60ee98648105a,2000-01-01T00:00:00.000Z,2000-01-01T00:00:00.000Z,130
solana,flipside,hadeK9DLv9eA7ya5KCTqSvSvRZeJC3JgD5a9Y3CNbvu,nft,general_contract,hadeswap,hadeswap,bbacf52963d2cd4fd546e7f32ba7c412,2000-01-01T00:00:00.000Z,2000-01-01T00:00:00.000Z,131
solana,flipside,hausS13jsjafwWwGqZTUQRmWyvyxn9EQpqMwV1PBBmk,nft,general_contract,grape.art,grape.art,3ff5846e4b9f45d42573f7e44cb3a3f2,2000-01-01T00:00:00.000Z,2000-01-01T00:00:00.000Z,132
solana,flipside,minwAEdewYNqagUwzrVBUGWuo277eeSMwEwj76agxYd,nft,general_contract,monkelabs,monkelabs,24b695e52e387e432a645cae0e7aa8b5,2000-01-01T00:00:00.000Z,2000-01-01T00:00:00.000Z,133
solana,flipside,mmm3XBJg5gk8XJxEKBvdgptZz6SgK4tXvn36sodowMc,nft,general_contract,mmm,mmm,6a2c52fa85f9cc1f5b86dc3bbb75ff26,2000-01-01T00:00:00.000Z,2000-01-01T00:00:00.000Z,134
solana,flipside,nirkXSE28jCQoK8SmKWqxXz3L9vbSRGKS24iYJj8Aeo,defi,general_contract,nirvana,nirvana finance,3362a9c677716d3e81a239afec06ffc3,2000-01-01T00:00:00.000Z,2000-01-01T00:00:00.000Z,135
solana,flipside,optFiKjQpoQ3PvacwnFWaPUAqXCETMJSz2sz8HwPe9B,dex,general_contract,optifi,optifi,c0fb6e03c0e0ded3ed4b65f7dbd0a6b1,2000-01-01T00:00:00.000Z,2000-01-01T00:00:00.000Z,136
solana,flipside,otterXYtgZ5DRUGX6JGtcZPg3GoWxEqcLrb9MjeCv3X,dapp,general_contract,otter cash,otter cash,cfa55570e7b445804b5a89447a39b4a7,2000-01-01T00:00:00.000Z,2000-01-01T00:00:00.000Z,137
solana,flipside,CrX7kMhLC3cSsXJdT7JDgqrRVWGnUpX3gfEfxxU2NVLi,defi,general_contract,lido,lido for solana,9fc6d01efa2a8dc76f650e17879cda8d,2000-01-01T00:00:00.000Z,2000-01-01T00:00:00.000Z,138
solana,flipside,8LPjGDbxhW4G2Q8S6FvdvUdfGWssgtqmvsc63bwNFA7E,dex,swap_router,mayan finance,mayan swap v0.2,6225fa3666f58fc8e3d2269738bc7358,2000-01-01T00:00:00.000Z,2000-01-01T00:00:00.000Z,139
solana,flipside,27haf8L6oxUeXrHrgEgsexjSY5hbVUWEmvv9Nyxg8vQv,dex,pool,raydium,raydium liquidity pool v3,33fc128fcb39d7d88042d6e318b71fb2,2000-01-01T00:00:00.000Z,2000-01-01T00:00:00.000Z,140
solana,flipside,HT19EcD68zn7NoCF79b2ucQF8XaMdowyPt5ccS6g1PUx,dapp,governance,realms,ratio finance,8c96ca37a2acaa06217c8838a2bb3ecc,2000-01-01T00:00:00.000Z,2000-01-01T00:00:00.000Z,141
solana,flipside,pSystkitWgLkzprdAvraP8DSBiXwee715wiSXGJe8yr,defi,general_contract,psyfinance,psyfinance staking program,ff79178d01cea6fb80953ca05196129c,2000-01-01T00:00:00.000Z,2000-01-01T00:00:00.000Z,142
solana,flipside,WormT3McKhFJ2RkiGpdw9GKvNCrB2aB54gb2uV9MfQC,layer2,bridge,wormhole,wormhole,705e22a7dd6a1ac63c132ce3a80ebe49,2000-01-01T00:00:00.000Z,2000-01-01T00:00:00.000Z,143
solana,flipside,22Y43yTVxuUkoRKdm9thyRhQ3SdgQS7c7kB6UNCiaczD,dex,general_contract,serum,serum swap,6274d754d358cb21bf48707119b20da2,2000-01-01T00:00:00.000Z,2000-01-01T00:00:00.000Z,144
solana,flipside,auctxRXPeJoc4817jDhf4HbjnhEcr1cCXenosMhK5R8,nft,general_contract,metaplex,metaplex nft auction,f35158e666a08d1a9c471662169b1ae5,2000-01-01T00:00:00.000Z,2000-01-01T00:00:00.000Z,145
solana,flipside,MERLuDFBMmsHnsBPZw2sDQZHvXFMwp8EdjudcU2HKky,dex,swap_router,mercurial,Mercurial Stable Swap,782762273a1242d2da113dd6ce13cbb4,2000-01-01T00:00:00.000Z,2000-01-01T00:00:00.000Z,146
solana,flipside,MEisE1HzehtrDpAAT8PnLHjpSSkRYakotTuJRPjTpo8,nft,marketplace,magic eden,Magic Eden Marketplace,10f6da925e9683fe688de474b50a48bc,2000-01-01T00:00:00.000Z,2000-01-01T00:00:00.000Z,147
solana,flipside,Stake11111111111111111111111111111111111111,chadmin,general_contract,solana,stakeinstruction,5e3963109a6b0078b93aaad183fd2d60,2000-01-01T00:00:00.000Z,2000-01-01T00:00:00.000Z,148
solana,flipside,BHJ4tRcogS88tUhYotPfYWDjR4q7MGdizdiguY3N54rb,dapp,general_contract,dispatch protocol,dispatch protocol,762328431ee5ef580beb03e7f60b2550,2000-01-01T00:00:00.000Z,2000-01-01T00:00:00.000Z,149
solana,flipside,JUP6LkbZbjS1jKKwapdHNy74zcZ3tLUZoi5QNyVTaV4,dex,aggregator_contract,jupiter,jupiter swap v6,eb7af541d9f6cf06b54fb4e871e1bf13,2000-01-01T00:00:00.000Z,2000-01-01T00:00:00.000Z,150
solana,flipside,JUP5cHjnnCx2DppVsufsLrXs8EBZeEZzGtEK9Gdz6ow,dex,aggregator_contract,jupiter,jupiter swap v5.1,179d3eee8c8714c4b054f73b2f5cd5c0,2000-01-01T00:00:00.000Z,2000-01-01T00:00:00.000Z,151
solana,flipside,SVBzw5fZRY9iNRwy5JczFYni2X9aDqur6HhAP1CXX7T,games,general_contract,silicon valley bonk,silicon valley bonk,7aa991bb7c4da7257f5b7e015181fb55,2000-01-01T00:00:00.000Z,2000-01-01T00:00:00.000Z,152
solana,flipside,EhhTKczWMGQt46ynNeRX1WfeagwwJd7ufHvCDjRxjo5Q,dex,general_contract,raydium,Raydium Stake,76a7edd1295174237dac0642aa7b8588,2000-01-01T00:00:00.000Z,2000-01-01T00:00:00.000Z,153
solana,flipside,93BgeoLHo5AdNbpqy9bD12dtfxtA5M2fh3rj72bE35Y3,dex,swap_contract,raydium,raydium route swap program,3f718fa23606e98bf1eeb6048331abf8,2000-01-01T00:00:00.000Z,2000-01-01T00:00:00.000Z,154
solana,flipside,CC12se5To1CdEuw7fDS27B7Geo5jJyL7t5UK2B44NgiH,dex,general_contract,raydium,raydium ido program id v2,2ab96be24b579c9bfe53220f3b57e724,2000-01-01T00:00:00.000Z,2000-01-01T00:00:00.000Z,155
solana,flipside,AMM55ShdkoGRB5jVYPjWziwk8m5MpwyDgsMWHaMSQWH6,dex,general_contract,aldrin,aldrin amm,315750e8142459bd1886705af2efb3a6,2000-01-01T00:00:00.000Z,2000-01-01T00:00:00.000Z,156
solana,flipside,DCD2m9qvEUcEEfbppBGvPbBgnyGb3eJSx1jxHVsKtJWV,dapp,general_contract,degen coin flip,degen coin dozer,3d2d12f7db34eb29e336be6b58dfc0c5,2000-01-01T00:00:00.000Z,2000-01-01T00:00:00.000Z,157
solana,flipside,BmjJ85zsP2xHPesBKpmHYKt136gzeTtNbeVDcdfybHHT,dapp,general_contract,degen coin flip,degen coin flip,4f3bcf9511bd9278c9757c72fa42623d,2000-01-01T00:00:00.000Z,2000-01-01T00:00:00.000Z,158
solana,flipside,Eo7WjKq67rjJQSZxS6z3YkapzY3eMj6Xy8X5EQVn5UaB,defi,pool,meteora,meteora pools program,3e53ba251682fea3178b8499a0c2b4f3,2000-01-01T00:00:00.000Z,2000-01-01T00:00:00.000Z,159
solana,flipside,8puaJ4HcQByrpWfsuRAF4BPyqGwUPsez44BuMXFCDEdc,dapp,general_contract,gameta,gameta,db9d28b4c01586bf9631cceca1d350c8,2000-01-01T00:00:00.000Z,2000-01-01T00:00:00.000Z,160
solana,flipside,6MLxLqiXaaSUpkgMnWDTuejNZEz3kE7k2woyHGVFw319,defi,general_contract,crema finance,crema finance,e17f4633311dd3995cfe08eff23e6cad,2000-01-01T00:00:00.000Z,2000-01-01T00:00:00.000Z,161
solana,flipside,6fACWumdtZpnAWpUUhZW7DeB2ptM8BMsmQAqvRgbbYZv,defi,general_contract,upfi,upfi,07d3df7e2423bf32c10ea835d60b1f94,2000-01-01T00:00:00.000Z,2000-01-01T00:00:00.000Z,162
solana,flipside,4MNPdKu9wFMvEeZBMt3Eipfs5ovVWTJb31pEXDJAAxX5,dex,general_contract,serum,serum assert owner program,e22fb14bd48b6206489b5ae07bbf37e0,2000-01-01T00:00:00.000Z,2000-01-01T00:00:00.000Z,163
solana,flipside,4MangoMjqJ2firMokCjjGgoK8d4MXcrgL7XJaL3w6fVg,dex,general_contract,mango markets,mango markets v4,6d74ae05fd30f2437aa878077609f28f,2000-01-01T00:00:00.000Z,2000-01-01T00:00:00.000Z,164
solana,flipside,9W959DqEETiGZocYWCQPaJ6sBmUzgfxXfqGeTEdp3aQP,dex,swap_router,orca,ORCA Token Swap V2,6c669b25c21b13b78b0a8ce6a93e103b,2000-01-01T00:00:00.000Z,2000-01-01T00:00:00.000Z,165
solana,flipside,Ed25519SigVerify111111111111111111111111111,chadmin,general_contract,solana,new_ed25519_instruction,a7ebe594740741334192b2de63bc433e,2000-01-01T00:00:00.000Z,2000-01-01T00:00:00.000Z,166
solana,flipside,GqTPL6qRf5aUuqscLh8Rg2HTxPUXfhhAXDptTLhp1t2J,dapp,governance,realms,mango dao,3c88da80256efc7c2ac9777d3d85ba18,2000-01-01T00:00:00.000Z,2000-01-01T00:00:00.000Z,167
solana,flipside,6FJon3QE27qgPVggARueB22hLvoh22VzJpXv4rBEoSLF,chadmin,general_contract,solana,ido program,18b8e0868e780cbf19b4b9f89f384569,2000-01-01T00:00:00.000Z,2000-01-01T00:00:00.000Z,168
solana,flipside,RVKd61ztZW9GUwhRbbLoYVRE5Xf1B2tVscKqwZqXgEr,dex,pool,raydium,raydium liquidity pool v2,72ac80c6f2d80a5dab07bb36b14d5cbb,2000-01-01T00:00:00.000Z,2000-01-01T00:00:00.000Z,169
solana,flipside,ZETAxsqBRek56DhiGXrn75yj2NHU3aYUnxvHXpkf3aD,dex,general_contract,zeta,zeta dex,2c305efef666ab26ada82d64ab3c941d,2000-01-01T00:00:00.000Z,2000-01-01T00:00:00.000Z,170
solana,flipside,M2mx93ekt1fmXSVkTrUL9xVFHkmME8HTUi5Cyc5aF7K,nft,marketplace,magic eden,magiceden v2 program,f08ca080aea9ce485eeccfd1f419611a,2000-01-01T00:00:00.000Z,2000-01-01T00:00:00.000Z,171
solana,flipside,DjVE6JNiYqPL2QXyCUUh8rNjHrbz9hXHNYt99MQ59qw1,dex,swap_router,orca,orca token swap,c8c7964c0e57318226f01d9cf25bbd34,2000-01-01T00:00:00.000Z,2000-01-01T00:00:00.000Z,172
solana,flipside,5quBtoiQqxF9Jv6KYKctB59NT3gtJD2Y65kdnB1Uev3h,dex,pool,raydium,raydium liquidity pool program id v5,aa3c49c8bed9c2453a1dcec5ede49b74,2000-01-01T00:00:00.000Z,2000-01-01T00:00:00.000Z,173
solana,flipside,FF7U7Vj1PpBkTPau7frwLLrUHrjkxTQLsH7U5K3T3B3j,defi,general_contract,mean finance,mean finance multisig program,9ef61b4eaa18a9d26a3ba9d3ac3cea69,2000-01-01T00:00:00.000Z,2000-01-01T00:00:00.000Z,174
solana,flipside,HajXYaDXmohtq2ZxZ6QVNEpqNn1T53Zc9FnR1CnaNnUf,defi,general_contract,parrot defi,parrot finance,c768beb09ae4f51578ba7e1dda4074bd,2000-01-01T00:00:00.000Z,2000-01-01T00:00:00.000Z,175
solana,flipside,AFX6h67CCoqcJcoFbq12dabMLDruQ38U2nogpeU7ECLa,defi,general_contract,amulet,amulets solstakingprogram,d426f8e8fbd8ecd01e875757a290a864,2000-01-01T00:00:00.000Z,2000-01-01T00:00:00.000Z,176
solana,flipside,R2y9ip6mxmWUj4pt54jP2hz2dgvMozy9VTSwMWE7evs,defi,general_contract,psyoptions,psyoptions - american protocol dao,ed39c3f0e81c128e714d93e3481296de,2000-01-01T00:00:00.000Z,2000-01-01T00:00:00.000Z,177
solana,flipside,smfjietFKFJ4Sbw1cqESBTpPhF4CwbMwN8kBEC1e5ui,dapp,governance,realms,strangemood foundation,9b4db934532574716fba8439ae460693,2000-01-01T00:00:00.000Z,2000-01-01T00:00:00.000Z,178
solana,flipside,Config1111111111111111111111111111111111111,chadmin,general_contract,solana,config_instruction,65b96848a50f98c6ec3896a15214a4d6,2000-01-01T00:00:00.000Z,2000-01-01T00:00:00.000Z,179
solana,flipside,781wH11JGQgEoBkBzuc8uoQLtp8KxeHk1yZiS1JhFYKy,chadmin,general_contract,solana,solana phone preorder,9584320607d5fd69a6b6eebc58c145fd,2000-01-01T00:00:00.000Z,2000-01-01T00:00:00.000Z,180
solana,flipside,5B23C376Kwtd1vzb5LCJHiHLPnoWSnnx661hhGGDEv8y,defi,general_contract,mercurial,mercurial dynamic amm,717e7d6c882918b83e74c40c730c6d6c,2000-01-01T00:00:00.000Z,2000-01-01T00:00:00.000Z,181
solana,flipside,CndyV3LdqHUfDLmE5naZjVN8rBZz4tqhdefbAnjHG3JR,nft,general_contract,metaplex,candy machine core,df63fc321182c1b7c557d6b67fc39db4,2000-01-01T00:00:00.000Z,2000-01-01T00:00:00.000Z,182
solana,flipside,NeonVMyRX5GbCrsAHnUwx1nYYoJAtskU1bWUo6JGNyG,dapp,general_contract,neon,neon evm,3ded397a0db041021d8d5f94675e495f,2000-01-01T00:00:00.000Z,2000-01-01T00:00:00.000Z,183
solana,flipside,MSPCUMbLfy2MeT6geLMMzrUkv1Tx88XRApaVRdyxTuu,dapp,token_contract,mean finance,mean finance msp v2,81b3d448aa40d3be349a872f3835eb72,2000-01-01T00:00:00.000Z,2000-01-01T00:00:00.000Z,184
solana,flipside,AknC341xog56SrnoK6j3mUvaD1Y7tYayx1sxUGpeYWdX,dapp,token_contract,zebec,zebec program,6102239671cbc9d02c840aae46b4de0d,2000-01-01T00:00:00.000Z,2000-01-01T00:00:00.000Z,185
solana,flipside,2RoWfh3xNtwGGpoXmXAWbVgiqqYiNEb9QrPYshQjRDGu,dapp,general_contract,degen coin flip,degen spin,2df0637814c612fa04c001a7038d1e96,2000-01-01T00:00:00.000Z,2000-01-01T00:00:00.000Z,186
solana,flipside,ENicYBBNZQ91toN7ggmTxnDGZW14uv9UkumN7XBGeYJ4,dapp,general_contract,helio pay,helio pay,b7b58870d1dcce6d67e3b95525185050,2000-01-01T00:00:00.000Z,2000-01-01T00:00:00.000Z,187
solana,flipside,BJ3jrUzddfuSrZHXSCxMUUQsjKEyLmuuyZebkcaFp2fg,dex,general_contract,serum,serum dex v1,398e0a9d7b05f7faa3fd5a8bb1cb8e38,2000-01-01T00:00:00.000Z,2000-01-01T00:00:00.000Z,188
solana,flipside,ALLGnZikNaJQeN4KCAbDjZRSzvSefUdeTpk18yfizZvT,dapp,governance,realms,allovr dao,50b429c3ba96a6ea120dfbb6ca247039,2000-01-01T00:00:00.000Z,2000-01-01T00:00:00.000Z,189
solana,flipside,5ocnV1qiCgaQR8Jb8xWnVbApfaygJ8tNoZfgPwsgx9kx,defi,general_contract,socean,socean program,45a1305601934307fb8374780fb20aec,2000-01-01T00:00:00.000Z,2000-01-01T00:00:00.000Z,190
solana,flipside,AUGUREpS2W6T5FgTiycU9oD7WFrbbf4mtvi6nwEkob5T,dapp,general_contract,augur,augur,f43242e57354cb017bfbce217344f95a,2000-01-01T00:00:00.000Z,2000-01-01T00:00:00.000Z,191
solana,flipside,ArAA6CZC123yMJLUe4uisBEgvfuw2WEvex9iFmFCYiXv,nft,contract_deployer,launchmynft,launchmynft: candy machine,4862afc3063909375c3323a86ff33e98,2000-01-01T00:00:00.000Z,2000-01-01T00:00:00.000Z,192
solana,flipside,DmzAmomATKpNp2rCBfYLS7CSwQqeQTsgRYJA1oSSAJaP,dex,staking_contract,orca,orca francium farm,f4ee07e48e8725787c0592836fa92f5d,2000-01-01T00:00:00.000Z,2000-01-01T00:00:00.000Z,193
solana,flipside,DtmE9D2CSB4L5D6A15mraeEjrGMm6auWVzgaD8hK2tZM,dapp,oracle,switchboard,switchboard oracle,8ead9f08c45f0030fe68debb2dfa399d,2000-01-01T00:00:00.000Z,2000-01-01T00:00:00.000Z,194
solana,flipside,9xQeWvG816bUx9EPjHmaT23yvVM2ZWbrrpZb9PusVFin,dex,general_contract,serum,serum dex v3,77630f69c43d08d38bc64c819cb8a0b2,2000-01-01T00:00:00.000Z,2000-01-01T00:00:00.000Z,195
solana,flipside,Crt7UoUR6QgrFrN7j8rmSQpUTNWNSitSwWvsWGf1qZ5t,dex,swap_router,saber,Saber Router,8dc6833a784414c794adc2ce4b7aa2c2,2000-01-01T00:00:00.000Z,2000-01-01T00:00:00.000Z,196
solana,flipside,LendZqTs7gn5CTSJU1jWKhKuVpjJGom45nnwPb2AMTi,chadmin,general_contract,solana,token lending program,6dc05f7053bc00edd36fe83b92cef9ce,2000-01-01T00:00:00.000Z,2000-01-01T00:00:00.000Z,197
solana,flipside,5sGZEdn32y8nHax7TxEyoHuPS3UXfPWtisgm8kqxat8H,dapp,governance,realms,phantasia,2836853bc410d2cd25a40d4ebeb9dd66,2000-01-01T00:00:00.000Z,2000-01-01T00:00:00.000Z,198
solana,flipside,PSYFiYqguvMXwpDooGdYV6mju92YEbFobbvW617VNcq,defi,general_contract,psyfinance,psyfinance v2 program,32ddf17da9e6da05293f803d512f0045,2000-01-01T00:00:00.000Z,2000-01-01T00:00:00.000Z,199
solana,flipside,cndy3Z4yapfJBmL3ShUp5exZKqR3z33thTzeNMm2gRZ,nft,contract_deployer,metaplex,metaplex nft candy machine v2,0bd71839f659330aa818c895494f7e39,2000-01-01T00:00:00.000Z,2000-01-01T00:00:00.000Z,200
solana,flipside,cndyAnrLdpjq1Ssp1z8xxDsB8dxe7u4HL5Nxi2K5WXZ,nft,contract_deployer,metaplex,metaplex nft candy machine v1,d6ee4f39fddd3e339ffefc385ce9c7ef,2000-01-01T00:00:00.000Z,2000-01-01T00:00:00.000Z,201
solana,flipside,DraWMeQX9LfzQQSYoeBwHAgM5JcqFkgrX7GbTfjzVMVL,dex,rewards,drift,drift draw contests,fe8387666fe5fa2db10f2cc62ce0d20e,2000-01-01T00:00:00.000Z,2000-01-01T00:00:00.000Z,202
solana,flipside,CJsLwbP1iu5DuUikHEJnLfANgKy6stB2uFgvBBHoyxwz,nft,marketplace,solanart,Solanart NFT Marketplace,d99ab82451d1124e4d0cf0bd7c9a0b41,2000-01-01T00:00:00.000Z,2000-01-01T00:00:00.000Z,203
solana,flipside,DEbrdGj3HsRsAzx6uH4MKyREKxVAfBydijLUF3ygsFfh,bridge,bridge,debridge,debridge,e25bd571df540e0d8383fee53bb2aafa,2000-01-01T00:00:00.000Z,2000-01-01T00:00:00.000Z,204
solana,flipside,PhoeNiXZ8ByJGLkxNfZRnkUfjvmuYqLR89jjFHGqdXY,defi,general_contract,ellipsis,phoenix,419fbd8d524097379a103c008389594c,2000-01-01T00:00:00.000Z,2000-01-01T00:00:00.000Z,205
solana,flipside,KeccakSecp256k11111111111111111111111111111,chadmin,general_contract,solana,new_secp256k1_instruction,d149261e9c9da0df1d39955a58c71cef,2000-01-01T00:00:00.000Z,2000-01-01T00:00:00.000Z,206
solana,flipside,CAMMCzo5YL8w4VFF8KVHrK22GGUsp5VTaW7grrKgrWqK,dapp,general_contract,raydium,raydium concentrated liquidity,15aa0b2166587179d0235ceb1d9c95b7,2000-01-01T00:00:00.000Z,2000-01-01T00:00:00.000Z,207
solana,flipside,SHARKobtfF1bHhxD2eqftjHBdVSCbKo9JtgK71FhELP,dapp,general_contract,sharky,sharky nft loans,80c5b2a6902d6cbf73024eda3d54bc66,2000-01-01T00:00:00.000Z,2000-01-01T00:00:00.000Z,208
solana,flipside,7Zb1bGi32pfsrBkzWdqd4dFhUXwp5Nybr1zuaEwN34hy,defi,general_contract,larix,larix program,de6390bb5032c4b35cc3c9fd3831dbcf,2000-01-01T00:00:00.000Z,2000-01-01T00:00:00.000Z,209
solana,flipside,XuErbiqKKqpvN2X8qjkBNo2BwNvQp1WZKZTDgxKB95r,dapp,general_contract,mev,mev address,89c738b2c90e9c4406d0e87bc8b0e904,2000-01-01T00:00:00.000Z,2000-01-01T00:00:00.000Z,210
solana,flipside,arb1wVBsR7MVRh1tt46A199daQE21xh9Kr9jE6u96Pz,dapp,general_contract,mev,mev address,ce10d6275e71ef05be19bfbf165d910b,2000-01-01T00:00:00.000Z,2000-01-01T00:00:00.000Z,211
solana,flipside,bankHHdqMuaaST4qQk6mkzxGeKPHWmqdgor6Gs8r88m,defi,vault,gem farm,gem farm bank,c36149324e4e76ee7ecfee9ac76d071c,2000-01-01T00:00:00.000Z,2000-01-01T00:00:00.000Z,212
solana,flipside,dRiftyHA39MWEi3m9aunc5MzRF1JYuBsbn6VPcn33UH,defi,general_contract,drift,drift protocol v2,1bb70c8608433ec7421575f0e95a7123,2000-01-01T00:00:00.000Z,2000-01-01T00:00:00.000Z,213
solana,flipside,dammHkt7jmytvbS3nHTxQNEcP59aE57nxwV21YdqEDN,defi,general_contract,drift,drift protocol,13b82562de9b61a3e64679538b61d2d1,2000-01-01T00:00:00.000Z,2000-01-01T00:00:00.000Z,214
solana,flipside,dp2waEWSBy5yKmq65ergoU3G6qRLmqa6K7We4rZSKph,dex,swap_contract,dradex,dradex dex program,806d29a07aae86baee8a9cde2ad1fca5,2000-01-01T00:00:00.000Z,2000-01-01T00:00:00.000Z,215
solana,flipside,AVWV7vdWbLqXiLKFaP19GhYurhwxaLp2qRBSjT5tR5vT,dapp,general_contract,bonfida,bonfida aution,1e7f2cbe8d7050aa5fdce1e11255fe65,2000-01-01T00:00:00.000Z,2000-01-01T00:00:00.000Z,216
solana,flipside,5pBn2Sxa41SUuTxKR8s91kMn9LHptd7Q9AA7nP6mqa4W,nft,general_contract,mooar,mooar,b1d606967b65c436409e2ccff3669629,2000-01-01T00:00:00.000Z,2000-01-01T00:00:00.000Z,217
solana,flipside,BGUMAp9Gq7iTEuizy4pqaxsTyUCBK68MDfK752saRPUY,nft,general_contract,metaplex,bubblegum,44bd7d5aee54a846518ad482f5d99e0f,2000-01-01T00:00:00.000Z,2000-01-01T00:00:00.000Z,218
solana,flipside,9HzJyW1qZsEiSfMUf6L2jo3CcTKAyBmSyKdwQeYisHrC,dex,general_contract,raydium,Raydium IDO,a61d9e6f96506d3bc28866136c583afe,2000-01-01T00:00:00.000Z,2000-01-01T00:00:00.000Z,219
solana,flipside,JPGov2SBA6f7XSJF5R4Si5jEJekGiyrwP2m7gSEqLUs,dapp,governance,realms,jet dao,826666d1d851474cf9b07cf418428659,2000-01-01T00:00:00.000Z,2000-01-01T00:00:00.000Z,220
solana,flipside,SSwapUtytfBdBn1b9NUGG6foMVPtcWgpRU32HToDUZr,defi,general_contract,saros,saros amm,98b3c85d3b7ebb15c59e1a5d446a2397,2000-01-01T00:00:00.000Z,2000-01-01T00:00:00.000Z,221
solana,flipside,SSwpMgqNDsyV7mAgN9ady4bDVu5ySjmmXejXvy2vLt1,defi,general_contract,step finance,step finance swap program,fe14eec2f947617f7e58dd8cfa39793e,2000-01-01T00:00:00.000Z,2000-01-01T00:00:00.000Z,222
solana,flipside,SSwpkEEcbUqx4vtoEByFjSkhKdCT862DNVb52nZg1UZ,dex,swap_router,saber,Saber Stable Swap,aeb145d8f590503f3e6cab0b0a6d97fb,2000-01-01T00:00:00.000Z,2000-01-01T00:00:00.000Z,223
solana,flipside,HZaWndaNWHFDd9Dhk5pqUUtsmoBCqzb1MLu3NAh1VX6B,nft,marketplace,alphaart,alphaart,9eda31f1ff15bb6c3714f187d54bc92e,2000-01-01T00:00:00.000Z,2000-01-01T00:00:00.000Z,224
solana,flipside,J9uWvULFL47gtCPvgR3oN7W357iehn5WF2Vn9MJvcSxz,dapp,governance,realms,orca dao,dbe629dda8fab6a45de17b84df60d427,2000-01-01T00:00:00.000Z,2000-01-01T00:00:00.000Z,225
solana,flipside,nftD3vbNkNqfj2Sd3HZwbpw4BxxKWr4AjGb9X38JeZk,dapp,token_contract,bonfida,bonfida name tokenizer program,0e70e4170e59b524e92ef439e7122ae3,2000-01-01T00:00:00.000Z,2000-01-01T00:00:00.000Z,226
solana,flipside,nftpSLhPxHPX6ZE8uaArJJeBND5YN3JyQ4iFKDtTXiq,nft,general_contract,genopets ,genopets : general contract,323d9b47d08edd4d4a7767f83eb71cfe,2000-01-01T00:00:00.000Z,2000-01-01T00:00:00.000Z,227
solana,flipside,StaKe9nb7aUjXpjpZ45o6uJBsZxj2BWCDBtjk8LCg2v,nft,general_contract,genopets ,genopets : general contract,6d7def04e070793a7cbf8a580d8062d4,2000-01-01T00:00:00.000Z,2000-01-01T00:00:00.000Z,228
solana,flipside,CrAFTUv7zKXBaS5471aCwHx7mq9Jp1eQQB5FQgdiSLyi,nft,general_contract,genopets ,genopets : general contract,5763c923a755a038902c37bab2060ac8,2000-01-01T00:00:00.000Z,2000-01-01T00:00:00.000Z,229
solana,flipside,GvZH4TH7tx3h5wDmUqA6ud2L79vSphUfBp7oufva6nZk,nft,general_contract,nuked apes,nuked apes: general contract,002bd448950dc6a5a7b34caa3399b748,2000-01-01T00:00:00.000Z,2000-01-01T00:00:00.000Z,230
solana,flipside,8oQo9PGGSx1x5mfe5CXJfXeDuan2Uz7NmeQQZ2aQS1jc,nft,general_contract,famous fox federation,famous fox federation: general contract,2f97628b945513845902e213d492771f,2000-01-01T00:00:00.000Z,2000-01-01T00:00:00.000Z,231
solana,flipside,huntVk4a8JKqNm3yYQTJJPWJgcWyhEEyVtZ4Kh14jSb,nft,general_contract,genopets ,genopets : general contract,e01d2b1fb7c537ebf34b4168e369628d,2000-01-01T00:00:00.000Z,2000-01-01T00:00:00.000Z,232
solana,flipside,srmv4uTCPF81hWDaPyEN2mLZ8XbvzuEM6LsAxR8NpjU,nft,general_contract,genopets ,genopets : general contract,0a975847fb7a7fd823884c27a2ed7a60,2000-01-01T00:00:00.000Z,2000-01-01T00:00:00.000Z,233
solana,flipside,98zCstWZR7T96dhh6ULDvmQVbdRscCAZ3FsexF66Fv1W,nft,general_contract,famous fox federation,famous fox federation: general contract,dd29821e63040024257e1f3d8aee17dd,2000-01-01T00:00:00.000Z,2000-01-01T00:00:00.000Z,234
solana,flipside,BbGozDEfDKJbqxkSDjcDLWdQfxeZnnoTgD5VhNXV7epn,nft,general_contract,famous fox federation,famous fox federation: general contract,4cc059c88943b6a8362aefe5c4d52245,2000-01-01T00:00:00.000Z,2000-01-01T00:00:00.000Z,235
solana,flipside,iktEW1D5rZ4n12rqEa5Req9i4s1qLXtsrzHKXDu6ttN,token,general_contract,wonder,wonder: general contract,6efef152c799435445a7979d64710bf0,2000-01-01T00:00:00.000Z,2000-01-01T00:00:00.000Z,236
solana,flipside,6NcdQ5WTnrPoMLbP4kvpLYa4YSwKqkNHRRE8XVf5hmv9,nft,general_contract,famous fox federation,famous fox federation: general contract,49a649c98c647ce6fc9691a6627543a1,2000-01-01T00:00:00.000Z,2000-01-01T00:00:00.000Z,237
solana,flipside,B4RXtjgugAkn7g6kvPzTmRDiCLe5fsiwYULF9JYQFXei,nft,general_contract,famous fox federation,famous fox federation: general contract,dbedd27a6c6caa30f95010aa43d2e629,2000-01-01T00:00:00.000Z,2000-01-01T00:00:00.000Z,238
solana,flipside,SWApWWew4iAaZj8jTYdfaRzEkgMXgmkrWZzWoJnVEGN,nft,general_contract,famous fox federation,famous fox federation: general contract,f409bf3d6e5dd7429f76ea6163b929fb,2000-01-01T00:00:00.000Z,2000-01-01T00:00:00.000Z,239
solana,flipside,pVote9oe2CcmLxQTNHbF1eLQTQXNkh5XLNPR9ZuQjBf,nft,general_contract,pesky penguins,pesky penguins: general contract,74411bbd76dd67b13c7005ed43d7465b,2000-01-01T00:00:00.000Z,2000-01-01T00:00:00.000Z,240
solana,flipside,DhrdaMncbZPvVw81GobQbN84fdaSnnGTnWcqeNjjQs2V,nft,general_contract,famous fox federation,famous fox federation: general contract,b09db4f94ad8656d0bdf413a2d63142a,2000-01-01T00:00:00.000Z,2000-01-01T00:00:00.000Z,241
solana,flipside,6FR6i39zAwFBkCCWd2yA7J2q9XSjRJx7qrLpGGLwZSNE,nft,general_contract,famous fox federation,famous fox federation: general contract,da91f9c0e1afb98eb2d440c28bd4c48d,2000-01-01T00:00:00.000Z,2000-01-01T00:00:00.000Z,242
solana,flipside,HZgyHzsDusS7D7DaosvsjtPSqfzCTxodBDqFVFctzimT,nft,general_contract,famous fox federation,famous fox federation: general contract,e2e33cc707a432ecb9bc4abd05deaaa3,2000-01-01T00:00:00.000Z,2000-01-01T00:00:00.000Z,243
solana,flipside,wndrtYz8sdCDfnXcjYJfLbkacZCQWShywGMECAxNsn9,token,general_contract,wonder,wonder: general contract,0d8ef9360bdaedb5788bcaf4f1700afd,2000-01-01T00:00:00.000Z,2000-01-01T00:00:00.000Z,244
solana,flipside,So1endDq2YkqhipRh3WViPa8hdiSpxWy6z3Z6tMCpAo,defi,general_contract,solend,SOLend Protocol,2180def5418b271987530fffd4599fb8,2000-01-01T00:00:00.000Z,2000-01-01T00:00:00.000Z,245
solana,flipside,Soda111Jv27so2PRBd6ofRptC6dKxosdN5ByFhCcR3V,defi,general_contract,soda,soda lending program,ff0b78f6abdcbaf37b00878e7d54a73e,2000-01-01T00:00:00.000Z,2000-01-01T00:00:00.000Z,246
solana,flipside,Soda2BBinmZtnWPM9UBBaHo7zcgcuxUfSD6ksxdbbGg,defi,general_contract,soda,soda proxy program,9b33d1e78a2236bd9b151c4990e91e15,2000-01-01T00:00:00.000Z,2000-01-01T00:00:00.000Z,247
solana,flipside,9KEPoZmtHUrBbhWN1v1KWLMkkvwY6WLtAVUCPRtRjP4z,dex,pool,raydium,Raydium Stake V5,acd3e169b2e0b05cd59a90c8aacdd656,2000-01-01T00:00:00.000Z,2000-01-01T00:00:00.000Z,248
solana,flipside,8RfV7fpMZFC9cmkq45z3u7vPEhgECZHP5dqfiePrNpaA,defi,general_contract,amulet,amulets poolprogram,0ca036b992aa79ff34bd9c7b833a3b10,2000-01-01T00:00:00.000Z,2000-01-01T00:00:00.000Z,249
solana,flipside,JD3bq9hGdy38PuWQ4h2YJpELmHVGPPfFSuFkpzAd9zfu,dex,general_contract,mango markets,mango markets v1,7abb6e3cb476772ca11b9a8e14df8b9a,2000-01-01T00:00:00.000Z,2000-01-01T00:00:00.000Z,250
solana,flipside,WvmTNLpGMVbwJVYztYL4Hnsy82cJhQorxjnnXcRm3b6,dapp,pool,bonfida,bonfida pool,921e47b7d9230e2d278e4aa352da0191,2000-01-01T00:00:00.000Z,2000-01-01T00:00:00.000Z,251
solana,flipside,QRDxhMw1P2NEfiw5mYXG79bwfgHTdasY2xNP76XSea9,defi,general_contract,quarry,quarry redeemer,2f49ebe98455fbbf5707a1c571499725,2000-01-01T00:00:00.000Z,2000-01-01T00:00:00.000Z,252
solana,flipside,Zo1ggzTUKMY5bYnDvT5mtVeZxzf2FaLTbKkmvGUhUQk,defi,general_contract,01 program,01 program,52e91f6d1e5bfbb4b6ce555ad955f405,2000-01-01T00:00:00.000Z,2000-01-01T00:00:00.000Z,253
solana,flipside,AGGZ2djPDEvrbgiBTV3P8UoB8Zf1kGawkWd2eu553o44,dex,aggregator_contract,prism,prism aggregator,b566e45edf4834ae3c1f6960299f10b7,2000-01-01T00:00:00.000Z,2000-01-01T00:00:00.000Z,254
solana,flipside,Store9XyRJQfvtN5LaSEmfnaRdFggUSVmSE26RKXCs3,nft,general_contract,degen ape academy,degenerate storeroom program,68c28eab8fbea96c13c39e0672ebfa1c,2000-01-01T00:00:00.000Z,2000-01-01T00:00:00.000Z,255
solana,flipside,3KPRuKWxV6PtneZXbokMBwdF4T9brCFx7FcmKJ2tPqqt,dapp,general_contract,helio,helio program 2,39a37d11fa2447708a521edc15fffae0,2000-01-01T00:00:00.000Z,2000-01-01T00:00:00.000Z,256
solana,flipside,SAGEqqFewepDHH6hMDcmWy7yjHPpyKLDnRXKb3Ki8e6,dapp,general_contract,star atlas,sage labs,5963362506ae1d717cc0bd9ed2a82d03,2000-01-01T00:00:00.000Z,2000-01-01T00:00:00.000Z,257
solana,flipside,CBuCnLe26faBpcBP2fktp4rp8abpcAnTWft6ZrP5Q4T,dex,pool,raydium,raydium stake v4,d97ec4b88fc481b530634d4bbb26cb52,2000-01-01T00:00:00.000Z,2000-01-01T00:00:00.000Z,258
solana,flipside,whirLbMiicVdio4qvUfM5KAg6Ct8VwpYzGff3uctyCc,dex,pool,orca,orca whirlpool program,2e247c2bfb50387c1d37519e410013b9,2000-01-01T00:00:00.000Z,2000-01-01T00:00:00.000Z,259
solana,flipside,Dooar9JkhdZ7J3LHN3A7YCuoGRUggXhQaG4kijfLGU2j,dapp,general_contract,stepn,stepn swap,b7c2dadd3b5cba57a656da1ee096a48e,2000-01-01T00:00:00.000Z,2000-01-01T00:00:00.000Z,260
solana,flipside,DCA265Vj8a9CEuX1eb1LWRnDT7uK6q1xMipnNyatn23M,dapp,general_contract,jupiter,jupiter dca,a66f5addb0fb50c522e198f5fd56bd75,2000-01-01T00:00:00.000Z,2000-01-01T00:00:00.000Z,261
solana,flipside,6LtLpnUFNByNXLyCoK9wA2MykKAmQNZKBdY8s47dehDc,defi,general_contract,kamino,kamino,0f322c074612b94fd728b94e005d76c0,2000-01-01T00:00:00.000Z,2000-01-01T00:00:00.000Z,262
solana,flipside,Memo1UhkJRfHyvLMcVucJwxXeuD728EqVDDwQDxFMNo,chadmin,general_contract,solana,memo program,a09576c9107144e92b15f37f429077ed,2000-01-01T00:00:00.000Z,2000-01-01T00:00:00.000Z,263
solana,flipside,MemoSq4gqABAXKb96qnH8TysNcWxMyWCqXgDLGmfcHr,chadmin,general_contract,solana,memo program,3531c00852ec3ba8214604411c514b17,2000-01-01T00:00:00.000Z,2000-01-01T00:00:00.000Z,264
solana,flipside,CURVGoZn8zycx6FXwwevgBTB2gVvdbGTEpvMJDbgs2t4,dex,general_contract,aldrin,aldrin amm v2,bfdc6ce02e0a9556da2f247277cb340e,2000-01-01T00:00:00.000Z,2000-01-01T00:00:00.000Z,265
solana,flipside,gUAedF544JeE6NYbQakQvribHykUNgaPJqcgf3UQVnY,dapp,governance,realms,ukraine,3326f00d7a6045068c512891820a173f,2000-01-01T00:00:00.000Z,2000-01-01T00:00:00.000Z,266
solana,flipside,GMpXgTSJt2nJ7zjD1RwbT2QyPhKqD2MjAZuEaLsfPYLF,dapp,governance,realms,metaplex genesis,9c5c84eeaf0b028473aa8dfba42a7703,2000-01-01T00:00:00.000Z,2000-01-01T00:00:00.000Z,267
solana,flipside,HubbLeXBb7qyLHt3x7gvYaRrxQmmgExb7fCJgDqFuB6T,defi,general_contract,hubble,hubble,bd38a7aa88c14adfcec5361fa431063a,2000-01-01T00:00:00.000Z,2000-01-01T00:00:00.000Z,268
solana,flipside,675kPX9MHTjS2zt1qfr1NYHuzeLXfQM9H24wFSUt1Mp8,dex,pool,raydium,Raydium Liquidity Pool V4,173b6223adc9489b0e2338d2a78b84d7,2000-01-01T00:00:00.000Z,2000-01-01T00:00:00.000Z,269
solana,flipside,JPALXR88jy2fG3miuu4n3o8Jef4K2Cgc3Uypr3Y8RNX,defi,general_contract,jet protocol,jet protocol auth,6c36c7fd3455b54458ed65b19470092b,2000-01-01T00:00:00.000Z,2000-01-01T00:00:00.000Z,270
solana,flipside,MFv2hWf31Z9kbCa1snEPYctwafyhdvnV7FZnsebVacA,defi,general_contract,marginfi,marginfi v2,59833fb39242028cdaaccfbec1275036,2000-01-01T00:00:00.000Z,2000-01-01T00:00:00.000Z,271
solana,flipside,MarBmsSgKXdrN1egZf5sqe1TMai9K1rChYNDJgjq7aD,defi,general_contract,marinade finance,Marinade Finance,311a99c8b57dc06e77628be5c5ea5363,2000-01-01T00:00:00.000Z,2000-01-01T00:00:00.000Z,272
solana,flipside,5fNfvyp5czQVX77yoACa3JJVEhdRaWjPuazuWgjhTqEH,dex,general_contract,mango markets,mango markets v2,b137f962d15295b44c1c53c7e7da6052,2000-01-01T00:00:00.000Z,2000-01-01T00:00:00.000Z,273
solana,flipside,Bt2WPMmbwHPk36i4CRucNDyLcmoGdC7xEdrVuxgJaNE6,defi,general_contract,tulip,tulip protocol | leverage farming program,ac678b4af787d57996bffa4d47fbb7ab,2000-01-01T00:00:00.000Z,2000-01-01T00:00:00.000Z,274
solana,flipside,2wT8Yq49kHgDzXuPxZSaeLaH1qbmGXtEyPy64bL7aD3c,dapp,general_contract,lifinity,lifinity swap v2,7bf0c199e4044609bef55425a415e47c,2000-01-01T00:00:00.000Z,2000-01-01T00:00:00.000Z,275
solana,flipside,GRNPT8MPw3LYY6RdjsgKeFji5kMiG1fSxnxDjDBu4s73,dapp,governance,realms,renpÅ dao,32415fd5f08f9d70ccd12d0d8cc481b5,2000-01-01T00:00:00.000Z,2000-01-01T00:00:00.000Z,276
solana,flipside,6UeJYTLU1adaoHWeApWsoj1xNEDbWA2RhM2DLc8CrDDi,defi,general_contract,apricot,apricot finance program,110e75cce4598e8fe600a23960b7927e,2000-01-01T00:00:00.000Z,2000-01-01T00:00:00.000Z,277
solana,flipside,rrmevmpXMooxn8Qu6u7RWao93BZn4cKgfjtNMURSc2E,nft,general_contract,cardinal,cardinal receipt manager,c69b847c88815afcb30665951c82c49c,2000-01-01T00:00:00.000Z,2000-01-01T00:00:00.000Z,278
solana,flipside,rwdNPNPS6zNvtF6FMvaxPRjzu2eC51mXaDT9rmWsojp,nft,rewards,cardinal,cardinal reward distributer,a33cfde15a373acb5f4805f49df8786d,2000-01-01T00:00:00.000Z,2000-01-01T00:00:00.000Z,279
solana,flipside,s1owa2k7P2kkLEenZPKuGddWMVpy8Pt2oMVeBdtSHM6,defi,general_contract,slow protocol,slow protocol,c5d0e822c6057a2cd966bd898509c511,2000-01-01T00:00:00.000Z,2000-01-01T00:00:00.000Z,280
solana,flipside,stkBL96RZkjY5ine4TvPihGqW8UHJfch2cokjAPzV8i,nft,staking_contract,cardinal,cardinal stake pool,200edcea91dfee4c02973641315aff4b,2000-01-01T00:00:00.000Z,2000-01-01T00:00:00.000Z,281
solana,flipside,MEVuSiZ38f55RfEotQtbQ3Tq2HuFSARovoMcDaHQXo1,dapp,general_contract,mev,mev address,dac45f9db6d2808135e10e8166fa20f0,2000-01-01T00:00:00.000Z,2000-01-01T00:00:00.000Z,282
solana,flipside,T1pyyaTNZsKv2WcRAB8oVnk93mLJw2XzjtVYqCsaHqt,dapp,rewards,jito mev,tip payment program,e9b3bf77bfc1b717d6ed3da4b01250fb,2000-01-01T00:00:00.000Z,2000-01-01T00:00:00.000Z,283
solana,flipside,VoLT1mJz1sbnxwq5Fv2SXjdVDgPXrb9tJyC8WpMDkSp,defi,pool,friktion,volt & channel,a5041a94bfd82fc57f3363c638588ab4,2000-01-01T00:00:00.000Z,2000-01-01T00:00:00.000Z,284
solana,flipside,E8rzJBbUCbice9Q4BcX3LzzixtkJD11GTnDcqPS7WqaA,dex,general_contract,mango markets,mango markets perpetual order book,a8bf33473bd5a73efde18ec7e74457dd,2000-01-01T00:00:00.000Z,2000-01-01T00:00:00.000Z,285
solana,flipside,EzSXQ2BXf8m4y4jcQQGeZ6nnwXB3ARXP3YQ5SwjKLj82,dex,vault,saber,tulip saber vaults,e39dd4b23ca1a384d75f67501904cc5e,2000-01-01T00:00:00.000Z,2000-01-01T00:00:00.000Z,286
solana,flipside,FcfzrnurPFXwxbx332wScnD5P86DwhpLpBbQsnr6LcH5,defi,pool,friktion,entropy,a5d5bce5a22051c7cb500750e160641d,2000-01-01T00:00:00.000Z,2000-01-01T00:00:00.000Z,287
solana,flipside,FoNqK2xudK7TfKjPFxpzAcTaU2Wwyt81znT4RjJBLFQp,dex,vault,orca,tulip orca vaults,54eb14ca55387bf57cd21ffd1d18b15e,2000-01-01T00:00:00.000Z,2000-01-01T00:00:00.000Z,288
solana,flipside,4FuHh13dadkVJQeDFdtQg8vMKRPxVZJLU7dEXy61Y5Bn,dex,general_contract,mango markets,mango markets perpetual order book,cebf241e2f6692cec369c015ae5edf96,2000-01-01T00:00:00.000Z,2000-01-01T00:00:00.000Z,289
solana,flipside,4R3gSG8BpU4t19KYj8CfnbtRpnT8gtk4dvTHxVRwc2r7,dapp,rewards,jito mev,tip distribution program,93615156210a6e5e6198de6c3608e187,2000-01-01T00:00:00.000Z,2000-01-01T00:00:00.000Z,290
solana,flipside,5JQ8Mhdp2wv3HWcfjq9Ts8kwzCAeBADFBDAgBznzRsE4,dapp,oracle,pyth,pyth price feed manager ,5abf2fa20a51e333b8266f79923cabbb,2000-01-01T00:00:00.000Z,2000-01-01T00:00:00.000Z,291
solana,flipside,GDDMwNyyx8uB6zrqwBFHjLLG3TBYk2F8Az4yrQC5RzMp,chadmin,general_contract,solana,sequence enforcer,eb63ab03bc336209143610a9eda6c684,2000-01-01T00:00:00.000Z,2000-01-01T00:00:00.000Z,292
solana,flipside,Jitos9sv798B1WYxHXmwJn6w1VMErUXGWZEKRJ9HoMA,dapp,general_contract,jito mev,mev address,1a2b2e56d4f33283e87fdaaa11212ba4,2000-01-01T00:00:00.000Z,2000-01-01T00:00:00.000Z,293
solana,flipside,ComputeBudget111111111111111111111111111111,chadmin,general_contract,solana,compute budget program,d51b4fb8de9bbd3e46c03b06e1866274,2000-01-01T00:00:00.000Z,2000-01-01T00:00:00.000Z,294
solana,flipside,7T5zyFsWSCqXYhrowHqY6jcUvwZkPJ3xiEu5mgzU7VWt,dapp,general_contract,jito mev,mev address,0babfccbff06549cfb4d1fe170de5ee1,2000-01-01T00:00:00.000Z,2000-01-01T00:00:00.000Z,295
solana,flipside,7vxeyaXGLqcp66fFShqUdHxdacp4k4kwUpRSSeoZLCZ4,dex,vault,raydium,tulip raydium v1 vaults,f9f58eae1dc0c41f6f428c01d6a78f67,2000-01-01T00:00:00.000Z,2000-01-01T00:00:00.000Z,296
solana,flipside,cjg3oHmg9uuPsP8D6g29NWvhySJkdYdAo9D25PRbKXJ,dapp,general_contract,chainlink,chainlink data feed,169203c807c4cd216a796cf0ab01a376,2000-01-01T00:00:00.000Z,2000-01-01T00:00:00.000Z,297
solana,flipside,iNeq88RkcvbwfnWAsqw5rQvJTbuKEA15PaMe7YAcTx3,defi,pool,friktion,inertia,1e4c4b0b935dbf4a6c2a7333328cb24f,2000-01-01T00:00:00.000Z,2000-01-01T00:00:00.000Z,298
solana,flipside,in9BCveNxQX9rAGaZdrzDD5HGpVczfEoxzXLv3hzjgA,defi,pool,friktion,soloptions,0f131f292a4e78d5f6e90a52197c93d1,2000-01-01T00:00:00.000Z,2000-01-01T00:00:00.000Z,299
solana,flipside,jupoNjAxXgZ4rjzxzPMP4oxduvQsQtZzyknqvzYNrNu,dapp,general_contract,jupiter,jupiter limit order,a95d1884fabf2ccfbe66068946df7f6f,2000-01-01T00:00:00.000Z,2000-01-01T00:00:00.000Z,300
solana,flipside,3Katmm9dhvLQijAvomteYMo6rfVbY5NaCRNq9ZBqBgr6,defi,general_contract,francium,francium lending reward program,025ea01be8e33b9908288279a6b8f90e,2000-01-01T00:00:00.000Z,2000-01-01T00:00:00.000Z,301
solana,flipside,CNBLwonD8EHup87p1SK9dypdj4WasTioWzFZWZVP9vbB,dapp,token_contract,coinable,coinables program id,ad544b3a0194d7f5a60ff06ac52c4989,2000-01-01T00:00:00.000Z,2000-01-01T00:00:00.000Z,302
solana,flipside,BrEAK7zGZ6dM71zUDACDqJnekihmwF15noTddWTsknjC,dapp,general_contract,break solana,break solana,2a7ec5e44882c23dab0441d8a2613cdd,2000-01-01T00:00:00.000Z,2000-01-01T00:00:00.000Z,303
solana,flipside,EpbboeWhnD1UTfdaqAmtVgpzMXaLTjFoTrHrE4ea1izG,nft,general_contract,gigadex,gigadex,33532f769eb87887a6188af855b47081,2000-01-01T00:00:00.000Z,2000-01-01T00:00:00.000Z,304
solana,flipside,EwZxwieySEeMCCf5E2459CbQyEiAdMTH5ioz9F7VoZ7W,dapp,general_contract,mev,mev address,065a430e81845eb2f7e19d921ef1b94c,2000-01-01T00:00:00.000Z,2000-01-01T00:00:00.000Z,305
solana,flipside,F6fmDVCQfvnEq2KR8hhfZSEczfM9JK9fWbCsYJNbTGn7,dapp,general_contract,incinerator,incinerator,6a35f76d79fade5270205ad0e30efe59,2000-01-01T00:00:00.000Z,2000-01-01T00:00:00.000Z,306
solana,flipside,7WduLbRfYhTJktjLw5FDEyrqoEv61aTTCuGAetgLjzN5,defi,general_contract,goose fx,goose fx ssl program,60ab76b359392a62120e00b7c39bf090,2000-01-01T00:00:00.000Z,2000-01-01T00:00:00.000Z,307
solana,flipside,GenUMNGcWca1GiPLfg89698Gfys1dzk9BAGsyb9aEL2u,defi,general_contract,everlend,everlend general pool v1,eeb153879cf23724e76eb34dc4719efb,2000-01-01T00:00:00.000Z,2000-01-01T00:00:00.000Z,308
solana,flipside,BPFLoader1111111111111111111111111111111111,chadmin,general_contract,solana,bpf loader,af1a43b0285de9d0905fc4842a74803d,2000-01-01T00:00:00.000Z,2000-01-01T00:00:00.000Z,309
solana,flipside,BPFLoader2111111111111111111111111111111111,chadmin,general_contract,solana,bpf loader 2,b87695a469038b28789cb8ffd240faaa,2000-01-01T00:00:00.000Z,2000-01-01T00:00:00.000Z,310
solana,flipside,BPFLoaderUpgradeab1e11111111111111111111111,chadmin,general_contract,solana,loaderinstruction,b336faa0a8c34c875bb042290e747075,2000-01-01T00:00:00.000Z,2000-01-01T00:00:00.000Z,311
solana,flipside,1atrmQs3eq1N2FEYWu6tyTXbCjP4uQwExpjtnhXtS8h,dapp,general_contract,helium,helium,ac20d7f25dafd4331f4b7b7bf92131ec,2000-01-01T00:00:00.000Z,2000-01-01T00:00:00.000Z,312
solana,flipside,traderDnaR5w6Tcoi3NFm53i48FTDNbGjBSZwWXDRrg,dapp,general_contract,star atlas,staratlas marketplace,bacc82ed5c7060d8f65a4216c1dded5a,2000-01-01T00:00:00.000Z,2000-01-01T00:00:00.000Z,313
solana,flipside,NAZAREQQuCnkV8CpkGZaoB6ccmvikM8uRr4GKPWwmPT,defi,general_contract,nazere,nazare program,01a32291879bb5f2a2196f5d932489d6,2000-01-01T00:00:00.000Z,2000-01-01T00:00:00.000Z,314
solana,flipside,7t8zVJtPCFAqog1DcnB6Ku1AVKtWfHkCiPi1cAvcJyVF,nft,marketplace,digitaleyes,digitaleyes direct sell,c317059bfbfd82b4a7826eede21ad2e0,2000-01-01T00:00:00.000Z,2000-01-01T00:00:00.000Z,315
solana,flipside,DeSetTwWhjZq6Pz9Kfdo1KoS5NqtsM6G8ERbX4SSCSft,bridge,general_contract,debridge,debridge settings,fc3eabad1fcee82a8615a2a0acc8cb81,2000-01-01T00:00:00.000Z,2000-01-01T00:00:00.000Z,316
solana,flipside,Port7uDYB3wk6GJAw4KT1WpTeMtSu9bTcChBHkX2LfR,defi,general_contract,port finance,Port Finance V1.0,f62689224c618069dd8fd6f224dc17ca,2000-01-01T00:00:00.000Z,2000-01-01T00:00:00.000Z,317
solana,flipside,4tdmkuY6EStxbS6Y8s5ueznL3VPMSugrvQuDeAHGZhSt,dapp,general_contract,banx,banx,790445714d9b18c0688dc9523f36f1c0,2000-01-01T00:00:00.000Z,2000-01-01T00:00:00.000Z,318
