blockchain,creator,address,label_type,label_subtype,label,address_name,__row_index
solana,flipside,781wH11JGQgEoBkBzuc8uoQLtp8KxeHk1yZiS1JhFYKy,chadmin,general_contract,solana,solana phone preorder,0
solana,flipside,CJsLwbP1iu5DuUikHEJnLfANgKy6stB2uFgvBBHoyxwz,nft,marketplace,solanart,Solanart NFT Marketplace,1
solana,flipside,GovER5Lthms3bLBqWub97yVrMmEogzX7xNjdXpPPCVZw,dapp,governance,realms,realms general contract,2
solana,flipside,GovHgfDPyQ1GwazJTDY2avSVY8GGcpmCapmmCsymRaGe,dapp,governance,realms,psy finance,3
solana,flipside,whirLbMiicVdio4qvUfM5KAg6Ct8VwpYzGff3uctyCc,dex,pool,orca,orca whirlpool program,4
solana,flipside,worm2ZoG2kUd4vFXhvjh93UUH596ayRfgQ2MgjNMTth,layer2,bridge,wormhole,wormhole,5
solana,flipside,wormDTUJ6AWPNvk59vGQbDvGJmqbDTdgWgAqcLBCgUb,layer2,bridge,wormhole,wormhole,6
solana,flipside,AzcK7Dth1CG2PoYPpTAYRymctM8d9xoT3VEKos5kUKrH,defi,general_contract,upfi,upfi,7
solana,flipside,CAMMCzo5YL8w4VFF8KVHrK22GGUsp5VTaW7grrKgrWqK,dex,general_contract,raydium,raydium clamm program,8
solana,flipside,CMZYPASGWeTz7RNGHaRJfCq2XQ5pYK6nDvVQxzkH51zb,nft,contract_deployer,opensea,opensea: forked candy machine,9
solana,flipside,LCNTy2Q4HsKUecKEETwwzujjbAx9DGFJort8SjGzGFj,nft,general_contract,ladder caster,ladder caster,10
solana,flipside,RainEraPU5yDoJmTrHdYynK9739GkEfDsE4ffqce2BR,defi,general_contract,rain finance,rain finance,11
solana,flipside,SHARKobtfF1bHhxD2eqftjHBdVSCbKo9JtgK71FhELP,defi,general_contract,shark finance,shark finance,12
solana,flipside,2KehYt3KsEQR53jYcxjbQp2d2kCp4AkuQW68atufRwSr,defi,general_contract,symmetry,symmetry ,13
solana,flipside,2c54pLrGpQdGxJWUAoME6CReBrtDbsx5Tqx4nLZZo6av,dapp,general_contract,light protocol,light protocol,14
solana,flipside,2nAAsYdXF3eTQzaeUQS3fr4o782dDg8L28mX39Wr5j8N,dex,staking_contract,raydium,raydium francium farm,15
solana,flipside,5GaBD7yyLh1TFSJcG9H9j4jSHFMsK8xaJU68NaCLJsvN,defi,general_contract,upfi,upfi,16
solana,flipside,DDZDcYdQFEMwcu2Mwo75yGFjJ1mUQyyXLWzhZLEVFcei,dapp,general_contract,audius,audius,17
solana,flipside,R2y9ip6mxmWUj4pt54jP2hz2dgvMozy9VTSwMWE7evs,defi,general_contract,psyoptions,psyoptions - american protocol dao,18
solana,flipside,FsJ3A3u2vn5cTVofAjvy6y5kwABJAqYWpe4975bi2epH,dapp,oracle,pyth,pyth oracle,19
solana,flipside,MRGNWSHaWmz3CPFcYt9Fyh8VDcvLJyy2SCURnMco2bC,defi,general_contract,marginfi,marginfi program,20
solana,flipside,MSPCUMbLfy2MeT6geLMMzrUkv1Tx88XRApaVRdyxTuu,dapp,token_contract,mean finance,mean finance msp v2,21
solana,flipside,XuErbiqKKqpvN2X8qjkBNo2BwNvQp1WZKZTDgxKB95r,dapp,general_contract,mev,mev address,22
solana,flipside,bankHHdqMuaaST4qQk6mkzxGeKPHWmqdgor6Gs8r88m,defi,vault,gem farm,gem farm bank,23
solana,flipside,dRiftyHA39MWEi3m9aunc5MzRF1JYuBsbn6VPcn33UH,defi,general_contract,drift,drift protocol v2,24
solana,flipside,dammHkt7jmytvbS3nHTxQNEcP59aE57nxwV21YdqEDN,defi,general_contract,drift,drift protocol,25
solana,flipside,dp2waEWSBy5yKmq65ergoU3G6qRLmqa6K7We4rZSKph,dex,swap_contract,dradex,dradex dex program,26
solana,flipside,farmL4xeBFVXJqtfxCzU9b28QACM7E2W2ctT6epAjvE,defi,staking_contract,gem farm,gem farm staking contract,27
solana,flipside,grwDL1AZiCaBmTQHTQVhX6wxXKowAnisDZxH7866LUL,nft,rewards,cardinal,cardinal group reward distributer,28
solana,flipside,hadeK9DLv9eA7ya5KCTqSvSvRZeJC3JgD5a9Y3CNbvu,nft,general_contract,hadeswap,hadeswap,29
solana,flipside,hausS13jsjafwWwGqZTUQRmWyvyxn9EQpqMwV1PBBmk,nft,general_contract,grape.art,grape.art,30
solana,flipside,minwAEdewYNqagUwzrVBUGWuo277eeSMwEwj76agxYd,nft,general_contract,monkelabs,monkelabs,31
solana,flipside,mmm3XBJg5gk8XJxEKBvdgptZz6SgK4tXvn36sodowMc,nft,general_contract,mmm,mmm,32
solana,flipside,nirkXSE28jCQoK8SmKWqxXz3L9vbSRGKS24iYJj8Aeo,defi,general_contract,nirvana,nirvana finance,33
solana,flipside,otterXYtgZ5DRUGX6JGtcZPg3GoWxEqcLrb9MjeCv3X,dapp,general_contract,otter cash,otter cash,34
solana,flipside,rrmevmpXMooxn8Qu6u7RWao93BZn4cKgfjtNMURSc2E,nft,general_contract,cardinal,cardinal receipt manager,35
solana,flipside,rwdNPNPS6zNvtF6FMvaxPRjzu2eC51mXaDT9rmWsojp,nft,rewards,cardinal,cardinal reward distributer,36
solana,flipside,s1owa2k7P2kkLEenZPKuGddWMVpy8Pt2oMVeBdtSHM6,defi,general_contract,slow protocol,slow protocol,37
solana,flipside,stkBL96RZkjY5ine4TvPihGqW8UHJfch2cokjAPzV8i,nft,staking_contract,cardinal,cardinal stake pool,38
solana,flipside,traderDnaR5w6Tcoi3NFm53i48FTDNbGjBSZwWXDRrg,dapp,general_contract,star atlas,star atlas galactic marketplace,39
solana,flipside,T1pyyaTNZsKv2WcRAB8oVnk93mLJw2XzjtVYqCsaHqt,dapp,rewards,jito mev,tip payment program,40
solana,flipside,VoLT1mJz1sbnxwq5Fv2SXjdVDgPXrb9tJyC8WpMDkSp,defi,pool,friktion,volt & channel,41
solana,flipside,EzSXQ2BXf8m4y4jcQQGeZ6nnwXB3ARXP3YQ5SwjKLj82,dex,vault,saber,tulip saber vaults,42
solana,flipside,FcfzrnurPFXwxbx332wScnD5P86DwhpLpBbQsnr6LcH5,defi,pool,friktion,entropy,43
solana,flipside,FoNqK2xudK7TfKjPFxpzAcTaU2Wwyt81znT4RjJBLFQp,dex,vault,orca,tulip orca vaults,44
solana,flipside,4R3gSG8BpU4t19KYj8CfnbtRpnT8gtk4dvTHxVRwc2r7,dapp,rewards,jito mev,tip distribution program,45
solana,flipside,5JQ8Mhdp2wv3HWcfjq9Ts8kwzCAeBADFBDAgBznzRsE4,dapp,oracle,pyth,pyth price feed manager ,46
solana,flipside,GDDMwNyyx8uB6zrqwBFHjLLG3TBYk2F8Az4yrQC5RzMp,chadmin,general_contract,solana,sequence enforcer,47
solana,flipside,ComputeBudget111111111111111111111111111111,chadmin,general_contract,solana,compute budget program,48
solana,flipside,7vxeyaXGLqcp66fFShqUdHxdacp4k4kwUpRSSeoZLCZ4,dex,vault,raydium,tulip raydium v1 vaults,49
solana,flipside,cjg3oHmg9uuPsP8D6g29NWvhySJkdYdAo9D25PRbKXJ,dapp,general_contract,chainlink,chainlink data feed,50
solana,flipside,ATokenGPvbdGVxr1b2hvZbsiqW5xWH25efTNsLJA8knL,chadmin,general_contract,solana,associated token account,51
solana,flipside,Vote111111111111111111111111111111111111111,chadmin,general_contract,solana,voteinstruction,52
solana,flipside,GMnke6kxYvqoAXgbFGnu84QzvNHoqqTnijWSXYYTFQbB,dapp,governance,realms,monkedao,53
solana,flipside,JD3bq9hGdy38PuWQ4h2YJpELmHVGPPfFSuFkpzAd9zfu,dex,general_contract,mango markets,mango markets v1,54
solana,flipside,9HzJyW1qZsEiSfMUf6L2jo3CcTKAyBmSyKdwQeYisHrC,dex,general_contract,raydium,Raydium IDO,55
solana,flipside,7mp8BreoYmruCVTB2wGn2mSwYdot2DLDmCPeqEKk1GpL,defi,general_contract,amulet,amulets splsolstakingprogram,56
solana,flipside,MERLuDFBMmsHnsBPZw2sDQZHvXFMwp8EdjudcU2HKky,dex,swap_router,mercurial,Mercurial Stable Swap,57
solana,flipside,J9uWvULFL47gtCPvgR3oN7W357iehn5WF2Vn9MJvcSxz,dapp,governance,realms,orca dao,58
solana,flipside,9W959DqEETiGZocYWCQPaJ6sBmUzgfxXfqGeTEdp3aQP,dex,swap_router,orca,ORCA Token Swap V2,59
solana,flipside,27haf8L6oxUeXrHrgEgsexjSY5hbVUWEmvv9Nyxg8vQv,dex,pool,raydium,raydium liquidity pool v3,60
solana,flipside,A7kmu2kUcnQwAVn8B4znQmGJeUrsJ1WEhYVMtmiBLkEr,dapp,governance,realms,solend dao,61
solana,flipside,A7p8451ktDCHq5yYaHczeLMYsjRsAkzc3hCXcSrwYHU7,nft,marketplace,digitaleyes,digitaleyes nft marketplace,62
solana,flipside,HZaWndaNWHFDd9Dhk5pqUUtsmoBCqzb1MLu3NAh1VX6B,nft,marketplace,alphaart,alphaart,63
solana,flipside,GqTPL6qRf5aUuqscLh8Rg2HTxPUXfhhAXDptTLhp1t2J,dapp,governance,realms,mango dao,64
solana,flipside,6UeJYTLU1adaoHWeApWsoj1xNEDbWA2RhM2DLc8CrDDi,defi,general_contract,apricot,apricot finance program,65
solana,flipside,CNBLwonD8EHup87p1SK9dypdj4WasTioWzFZWZVP9vbB,dapp,token_contract,coinable,coinables program id,66
solana,flipside,FLEET1qqzpexyaDpqb2DGsSzE2sDCizewCg9WjrA6DBW,dapp,token_contract,star atlas,star atlas fleet program,67
solana,flipside,5fNfvyp5czQVX77yoACa3JJVEhdRaWjPuazuWgjhTqEH,dex,general_contract,mango markets,mango markets v2,68
solana,flipside,EewxydAPCCVuNEyrVN68PuSYdQ7wKn27V9Gjeoi8dy3S,defi,general_contract,lifinity,lifinity program,69
solana,flipside,AVoAYTs36yB5izAaBkxRG67wL1AMwG3vo41hKtUSb8is,dapp,governance,realms,serum,70
solana,flipside,AFX6h67CCoqcJcoFbq12dabMLDruQ38U2nogpeU7ECLa,defi,general_contract,amulet,amulets solstakingprogram,71
solana,flipside,Ghope52FuF6HU3AAhJuAAyS2fiqbVhkAotb7YprL5tdS,dapp,governance,realms,realms general contract 2,72
solana,flipside,MarBmsSgKXdrN1egZf5sqe1TMai9K1rChYNDJgjq7aD,defi,general_contract,marinade finance,Marinade Finance,73
solana,flipside,Memo1UhkJRfHyvLMcVucJwxXeuD728EqVDDwQDxFMNo,chadmin,general_contract,solana,memo program,74
solana,flipside,MemoSq4gqABAXKb96qnH8TysNcWxMyWCqXgDLGmfcHr,chadmin,general_contract,solana,memo program,75
solana,flipside,3HUeooitcfKX1TSCx2xEpg2W31n6Qfmizu7nnbaEWYzs,defi,general_contract,cega,cega program,76
solana,flipside,CrX7kMhLC3cSsXJdT7JDgqrRVWGnUpX3gfEfxxU2NVLi,defi,general_contract,lido,lido for solana,77
solana,flipside,Crt7UoUR6QgrFrN7j8rmSQpUTNWNSitSwWvsWGf1qZ5t,dex,swap_router,saber,Saber Router,78
solana,flipside,22Y43yTVxuUkoRKdm9thyRhQ3SdgQS7c7kB6UNCiaczD,dex,general_contract,serum,serum swap,79
solana,flipside,Ed25519SigVerify111111111111111111111111111,chadmin,general_contract,solana,new_ed25519_instruction,80
solana,flipside,7Zb1bGi32pfsrBkzWdqd4dFhUXwp5Nybr1zuaEwN34hy,defi,general_contract,larix,larix program,81
solana,flipside,8RfV7fpMZFC9cmkq45z3u7vPEhgECZHP5dqfiePrNpaA,defi,general_contract,amulet,amulets poolprogram,82
solana,flipside,TLPv2tuSVvn3fSk8RgW3yPddkp5oFivzZV3rA9hQxtX,defi,general_contract,tulip,tulip protocol v2 vaults,83
solana,flipside,TSWAPaqyCSx2KABk68Shruf4rp7CxcNi8hAsbdwmHbN,defi,general_contract,tensorswap,tensorswap program,84
solana,flipside,cndy3Z4yapfJBmL3ShUp5exZKqR3z33thTzeNMm2gRZ,nft,contract_deployer,metaplex,metaplex nft candy machine v2,85
solana,flipside,cndyAnrLdpjq1Ssp1z8xxDsB8dxe7u4HL5Nxi2K5WXZ,nft,contract_deployer,metaplex,metaplex nft candy machine v1,86
solana,flipside,KJ6b6PswEZeNSwEh1po51wxnbX1C3FPhQPhg8eD2Y6E,defi,general_contract,defiland,defiland staking program,87
solana,flipside,M2mx93ekt1fmXSVkTrUL9xVFHkmME8HTUi5Cyc5aF7K,nft,marketplace,magic eden,magiceden v2 program,88
solana,flipside,PSYFiYqguvMXwpDooGdYV6mju92YEbFobbvW617VNcq,defi,general_contract,psyfinance,psyfinance v2 program,89
solana,flipside,SPoo1Ku8WFXoNDMHPsrGSTSG1Y47rzgn41SLUNakuHy,chadmin,general_contract,solana,stake pool program,90
solana,flipside,SQUADSxWKud1RVxuhJzNcqYqu7F3GLNiktGzjnNtriT,dapp,token_contract,squads,squads,91
solana,flipside,SSwapUtytfBdBn1b9NUGG6foMVPtcWgpRU32HToDUZr,defi,general_contract,saros,saros amm,92
solana,flipside,SSwpMgqNDsyV7mAgN9ady4bDVu5ySjmmXejXvy2vLt1,defi,general_contract,step finance,step finance swap program,93
solana,flipside,SSwpkEEcbUqx4vtoEByFjSkhKdCT862DNVb52nZg1UZ,dex,swap_router,saber,Saber Stable Swap,94
solana,flipside,SW1TCH7qEPTdLsDHRgPuMQjbQxKdH2aBStViMFnt64f,dapp,token_contract,switchboard,switchboard v2 program,95
solana,flipside,FC81tbGt6JWRXidaWYFXxGnTk4VgobhJHATvTRVMqgWj,defi,general_contract,francium,francium lending program,96
solana,flipside,82yxjeMsvaURa4MbZZ7WZZHfobirZYkH1zF8fmeGtyaQ,dex,pool,orca,ORCA Aquafarm,97
solana,flipside,CBuCnLe26faBpcBP2fktp4rp8abpcAnTWft6ZrP5Q4T,dex,pool,raydium,raydium stake v4,98
solana,flipside,6LtLpnUFNByNXLyCoK9wA2MykKAmQNZKBdY8s47dehDc,defi,general_contract,kamino finance,kamino finance,99
solana,flipside,6MLxLqiXaaSUpkgMnWDTuejNZEz3kE7k2woyHGVFw319,defi,general_contract,crema finance,crema finance,100
solana,flipside,4MNPdKu9wFMvEeZBMt3Eipfs5ovVWTJb31pEXDJAAxX5,dex,general_contract,serum,serum assert owner program,101
solana,flipside,4MangoMjqJ2firMokCjjGgoK8d4MXcrgL7XJaL3w6fVg,dex,general_contract,mango markets,mango markets v4,102
solana,flipside,ArAA6CZC123yMJLUe4uisBEgvfuw2WEvex9iFmFCYiXv,nft,contract_deployer,launchmynft,launchmynft: candy machine,103
solana,flipside,DmzAmomATKpNp2rCBfYLS7CSwQqeQTsgRYJA1oSSAJaP,dex,staking_contract,orca,orca francium farm,104
solana,flipside,Dooar9JkhdZ7J3LHN3A7YCuoGRUggXhQaG4kijfLGU2j,dex,general_contract,dooar,dooar,105
solana,flipside,1.1111111111111112e+31,chadmin,general_contract,solana,systeminstruction,106
solana,flipside,JPGov2SBA6f7XSJF5R4Si5jEJekGiyrwP2m7gSEqLUs,dapp,governance,realms,jet dao,107
solana,flipside,JUP2jxvXaqu7NQY1GmNF4m1vodw12LVXYxbFL2uJvfo,dex,aggregator_contract,jupiter,jupiter aggregator v2,108
solana,flipside,JUP3c2Uh3WA4Ng34tw6kPd2G4C5BB21Xo36Je1s32Ph,dex,aggregator_contract,jupiter,jupiter aggregator v3,109
solana,flipside,JUP4Fb2cqiRUcaTHdrPC8h2gNsA2ETXiPDD33WcGuJB,dex,aggregator_contract,jupiter,jupiter swap v4,110
solana,flipside,nftpSLhPxHPX6ZE8uaArJJeBND5YN3JyQ4iFKDtTXiq,nft,general_contract,genopets ,genopets : general contract,111
solana,flipside,StaKe9nb7aUjXpjpZ45o6uJBsZxj2BWCDBtjk8LCg2v,nft,general_contract,genopets ,genopets : general contract,112
solana,flipside,72D3En8GQycjtunxf9mgyR8onzYdPqYFsKp4myUzhaRZ,nft,general_contract,famous fox federation,famous fox federation: general contract,113
solana,flipside,CrAFTUv7zKXBaS5471aCwHx7mq9Jp1eQQB5FQgdiSLyi,nft,general_contract,genopets ,genopets : general contract,114
solana,flipside,srmv4uTCPF81hWDaPyEN2mLZ8XbvzuEM6LsAxR8NpjU,nft,general_contract,genopets ,genopets : general contract,115
solana,flipside,BbGozDEfDKJbqxkSDjcDLWdQfxeZnnoTgD5VhNXV7epn,nft,general_contract,famous fox federation,famous fox federation: general contract,116
solana,flipside,iktEW1D5rZ4n12rqEa5Req9i4s1qLXtsrzHKXDu6ttN,token,general_contract,wonder,wonder: general contract,117
solana,flipside,6NcdQ5WTnrPoMLbP4kvpLYa4YSwKqkNHRRE8XVf5hmv9,nft,general_contract,famous fox federation,famous fox federation: general contract,118
solana,flipside,pVote9oe2CcmLxQTNHbF1eLQTQXNkh5XLNPR9ZuQjBf,nft,general_contract,pesky penguins,pesky penguins: general contract,119
solana,flipside,JCFRaPv7852ESRwJJGRy2mysUMydXZgVVhrMLmExvmVp,nft,general_contract,famous fox federation,famous fox federation: general contract,120
solana,flipside,8BYmYs3zsBhftNELJdiKsCN2WyCBbrTwXd6WG4AFPr6n,nft,general_contract,famous fox federation,famous fox federation: general contract,121
solana,flipside,8guzmt92HbM7yQ69UJg564hRRX6N4nCdxWE5L6ENrA8P,nft,general_contract,famous fox federation,famous fox federation: general contract,122
solana,flipside,9ehXDD5bnhSpFVRf99veikjgq8VajtRH7e3D9aVPLqYd,nft,general_contract,famous fox federation,famous fox federation: general contract,123
solana,flipside,FoXpJL1exLBJgHVvdSHNKyKu2xX2uatctH9qp6dLmfpP,nft,general_contract,famous fox federation,famous fox federation: general contract,124
solana,flipside,3Katmm9dhvLQijAvomteYMo6rfVbY5NaCRNq9ZBqBgr6,defi,general_contract,francium,francium lending reward program,125
solana,flipside,657iw8S9b4BG5Vno91DgJk4bqoH3kzPRopngPG8uxWxg,defi,general_contract,defiland,defilland marketplace program,126
solana,flipside,4bcFeLv4nydFrsZqV5CgwCVrPhkQKsXtzfy2KyMz7ozM,defi,general_contract,tulip,tulip protocol lending program,127
solana,flipside,7t8zVJtPCFAqog1DcnB6Ku1AVKtWfHkCiPi1cAvcJyVF,nft,marketplace,digitaleyes,digitaleyes direct sell,128
solana,flipside,srmqPvymJeFKQ4zGQed1GFppgkRHL9kaELCbyksJtPX,defi,general_contract,openbook,openbook program,129
solana,flipside,So1endDq2YkqhipRh3WViPa8hdiSpxWy6z3Z6tMCpAo,defi,general_contract,solend,SOLend Protocol,130
solana,flipside,Soda111Jv27so2PRBd6ofRptC6dKxosdN5ByFhCcR3V,defi,general_contract,soda,soda lending program,131
solana,flipside,Soda2BBinmZtnWPM9UBBaHo7zcgcuxUfSD6ksxdbbGg,defi,general_contract,soda,soda proxy program,132
solana,flipside,Stake11111111111111111111111111111111111111,chadmin,general_contract,solana,stakeinstruction,133
solana,flipside,vau1zxA2LbssAUEF7Gpw91zMM1LvXrvpzJtmZ58rPsn,nft,general_contract,metaplex,metaplex token vault,134
solana,flipside,DtmE9D2CSB4L5D6A15mraeEjrGMm6auWVzgaD8hK2tZM,dapp,oracle,switchboard,switchboard oracle,135
solana,flipside,HAbiTatJVqoCJd9asyr6RxMEdwtfrQugwp7VAFyKWb1g,dapp,token_contract,genopets,genopets habitat management program,136
solana,flipside,p1exdMJcjVao65QdewkaZRUnU6VPSXhus9n2GzWfh98,nft,general_contract,metaplex,metaplex program,137
solana,flipside,CURVGoZn8zycx6FXwwevgBTB2gVvdbGTEpvMJDbgs2t4,dex,general_contract,aldrin,aldrin amm v2,138
solana,flipside,pSystkitWgLkzprdAvraP8DSBiXwee715wiSXGJe8yr,defi,general_contract,psyfinance,psyfinance staking program,139
solana,flipside,Config1111111111111111111111111111111111111,chadmin,general_contract,solana,config_instruction,140
solana,flipside,namesLPneVptA9Z5rqUDD9tMTWEJwofgaYwp8cawRkX,chadmin,general_contract,solana,name service,141
solana,flipside,nftD3vbNkNqfj2Sd3HZwbpw4BxxKWr4AjGb9X38JeZk,dapp,token_contract,bonfida,bonfida name tokenizer program,142
solana,flipside,Bt2WPMmbwHPk36i4CRucNDyLcmoGdC7xEdrVuxgJaNE6,defi,general_contract,tulip,tulip protocol | leverage farming program,143
solana,flipside,HubbLeXBb7qyLHt3x7gvYaRrxQmmgExb7fCJgDqFuB6T,defi,general_contract,hubble,hubble,144
solana,flipside,QMMD16kjauP5knBwxNUJRZ1Z5o3deBuFrqVjBVmmqto,defi,general_contract,quarry,quarry merge mine,145
solana,flipside,QMNeHCGYnLVDn1icRAfQZpjPLBNkfGbSKRB83G5d8KB,defi,general_contract,quarry,quarry mine,146
solana,flipside,QRDxhMw1P2NEfiw5mYXG79bwfgHTdasY2xNP76XSea9,defi,general_contract,quarry,quarry redeemer,147
solana,flipside,Zo1ggzTUKMY5bYnDvT5mtVeZxzf2FaLTbKkmvGUhUQk,defi,general_contract,01 program,01 program,148
solana,flipside,9xQeWvG816bUx9EPjHmaT23yvVM2ZWbrrpZb9PusVFin,dex,general_contract,serum,serum dex v3,149
solana,flipside,AknC341xog56SrnoK6j3mUvaD1Y7tYayx1sxUGpeYWdX,dapp,token_contract,zebec,zebec program,150
solana,flipside,9KEPoZmtHUrBbhWN1v1KWLMkkvwY6WLtAVUCPRtRjP4z,dex,pool,raydium,Raydium Stake V5,151
solana,flipside,TokenkegQfeZyiNwAJbNbGKPFXCWuBvf9Ss623VQ5DA,chadmin,general_contract,solana,token program,152
solana,flipside,TokenzQdBNbLqP5VEhdkAS6EPFLC1PHnBqCXEpPxuEb,chadmin,general_contract,solana,token 2022 program,153
solana,flipside,DjVE6JNiYqPL2QXyCUUh8rNjHrbz9hXHNYt99MQ59qw1,dex,swap_router,orca,orca token swap,154
solana,flipside,DeJBGdMFa1uynnnKiwrVioatTuHmNLpyFKnmB5kaFdzQ,dex,token_contract,serum,serum assert owner,155
solana,flipside,HedgeEohwU6RqokrvPU4Hb6XKPub8NuKbnPmY7FoMMtN,defi,general_contract,hedge,hedge program id,156
solana,flipside,stkTLPiBsQBUxDhXgxxsTRtxZ38TLqsqhoMvKMSt8Th,defi,general_contract,tulip,tulip staking program,157
solana,flipside,strmRqUCoQUgGUan5YhzUZa6KqdzwX5L6FpUxfmKg5m,dapp,token_contract,streamflow,streamflow program,158
solana,flipside,ALLGnZikNaJQeN4KCAbDjZRSzvSefUdeTpk18yfizZvT,dapp,governance,realms,allovr dao,159
solana,flipside,AMM55ShdkoGRB5jVYPjWziwk8m5MpwyDgsMWHaMSQWH6,dex,general_contract,aldrin,aldrin amm,160
solana,flipside,BLDDrex4ZSWBgPYaaH6CQCzkJXWfzCiiur9cSFJT8t3x,defi,general_contract,atrix,atrix finance farm program,161
solana,flipside,jCebN34bUfdeUYJT13J1yG16XWQpt5PDx6Mse9GUqhR,dapp,general_contract,bonfida,bonfida name service,162
solana,flipside,GenUMNGcWca1GiPLfg89698Gfys1dzk9BAGsyb9aEL2u,defi,general_contract,everlend,everlend general pool v1,163
solana,flipside,metaqbxxUerdq28cj1RbAWkYQm3ybzjb6a8bt518x1s,nft,general_contract,metaplex,metaplex token metadata,164
solana,flipside,93BgeoLHo5AdNbpqy9bD12dtfxtA5M2fh3rj72bE35Y3,dex,swap_contract,raydium,raydium route swap program,165
solana,flipside,Port7uDYB3wk6GJAw4KT1WpTeMtSu9bTcChBHkX2LfR,defi,general_contract,port finance,Port Finance V1.0,166
solana,flipside,5quBtoiQqxF9Jv6KYKctB59NT3gtJD2Y65kdnB1Uev3h,dex,pool,raydium,raydium liquidity pool program id v5,167
solana,flipside,F6fmDVCQfvnEq2KR8hhfZSEczfM9JK9fWbCsYJNbTGn7,dapp,general_contract,incinerator,incinerator,168
solana,flipside,7WduLbRfYhTJktjLw5FDEyrqoEv61aTTCuGAetgLjzN5,defi,general_contract,goose fx,goose fx ssl program,169
solana,flipside,EhhTKczWMGQt46ynNeRX1WfeagwwJd7ufHvCDjRxjo5Q,dex,general_contract,raydium,Raydium Stake,170
solana,flipside,HYPERfwdTjyJ2SCaKHmpF2MtrXqWxrsotYDsTrshHWq8,nft,general_contract,hyperspace,hyperspace marketplace,171
solana,flipside,3bEcmHsSBWViKYHLvUURWsthYoQvkoFNQqUEU1EZ3U1K,defi,general_contract,upfi,upfi,172
solana,flipside,NAZAREQQuCnkV8CpkGZaoB6ccmvikM8uRr4GKPWwmPT,defi,general_contract,nazere,nazare program,173
solana,flipside,ZETAxsqBRek56DhiGXrn75yj2NHU3aYUnxvHXpkf3aD,dex,general_contract,zeta,zeta dex,174
solana,flipside,routeUGWgWzqBWFcrCfv8tritsqukccJPu3q5GPP3xS,dex,swap_contract,raydium,raydium route swap program id,175
solana,flipside,mv3ekLzLbnVPNxjSKvqBpU3ZeZXPQdEC3bp5MDEBG68,dex,general_contract,mango markets,Mango Markets,176
solana,flipside,auctxRXPeJoc4817jDhf4HbjnhEcr1cCXenosMhK5R8,nft,general_contract,metaplex,metaplex nft auction,177
solana,flipside,5ocnV1qiCgaQR8Jb8xWnVbApfaygJ8tNoZfgPwsgx9kx,defi,general_contract,socean,socean program,178
solana,flipside,HajXYaDXmohtq2ZxZ6QVNEpqNn1T53Zc9FnR1CnaNnUf,defi,general_contract,parrot defi,parrot finance,179
solana,flipside,617jbWo616ggkDxvW1Le8pV38XLbVSyWY8ae6QUmGBAU,nft,marketplace,solsea,Solsea NFT Marketplace,180
solana,flipside,CeNUxGUsSeb5RuAGvaMLNx3tEZrpBwQqA7Gs99vMPCAb,dapp,token_contract,dialect,dialect program,181
solana,flipside,BrEAK7zGZ6dM71zUDACDqJnekihmwF15noTddWTsknjC,dapp,general_contract,break solana,break solana,182
solana,flipside,675kPX9MHTjS2zt1qfr1NYHuzeLXfQM9H24wFSUt1Mp8,dex,pool,raydium,Raydium Liquidity Pool V4,183
solana,flipside,HvwYjjzPbXWpykgVZhqvvfeeaSraQVnTiQibofaFw9M7,defi,general_contract,atrix,atrix finance pool program,184
solana,flipside,FF7U7Vj1PpBkTPau7frwLLrUHrjkxTQLsH7U5K3T3B3j,defi,general_contract,mean finance,mean finance multisig program,185
solana,flipside,KeccakSecp256k11111111111111111111111111111,chadmin,general_contract,solana,new_secp256k1_instruction,186
solana,flipside,BPFLoader2111111111111111111111111111111111,chadmin,general_contract,solana,bpf loader 2,187
solana,flipside,BPFLoaderUpgradeab1e11111111111111111111111,chadmin,general_contract,solana,loaderinstruction,188
solana,flipside,SwaPpA9LAaLfeLi3a68M4DjnLqgtticKg6CnyNwgAC8,chadmin,general_contract,solana,swap program,189
